"seed.plotcode","nsamples","species","surv1","surv2","surv3","surv4","surv5","age1","age2","age3","age4","sprout1","sprout2","sprout3","sprout4"
1,2,1,1,0,NA,NA,NA,1,2,3,4,0,0,0,0
1,2,1,1,0,NA,NA,NA,1,2,3,4,0,0,0,0
1,3,0,1,1,0,NA,NA,1,2,3,4,0,1,1,1
1,2,1,1,0,NA,NA,NA,1,2,3,4,0,0,0,0
1,2,0,1,0,NA,NA,NA,1,2,3,4,0,0,0,0
1,3,0,1,1,0,NA,NA,1,2,3,4,0,0,0,0
1,3,1,1,1,0,NA,NA,1,2,3,4,0,0,0,0
1,2,1,1,0,NA,NA,NA,1,2,3,4,0,0,0,0
1,2,1,1,0,NA,NA,NA,1,2,3,4,0,0,0,0
1,2,0,1,0,NA,NA,NA,1,2,3,4,0,0,0,0
1,2,0,1,0,NA,NA,NA,1,2,3,4,0,0,0,0
2,2,0,1,0,NA,NA,NA,1,2,3,4,0,0,0,0
2,3,1,1,1,0,NA,NA,1,2,3,4,0,0,0,0
2,3,1,1,1,0,NA,NA,1,2,3,4,0,0,0,0
2,3,1,1,1,0,NA,NA,1,2,3,4,0,0,0,0
2,2,0,1,0,NA,NA,NA,1,2,3,4,0,0,0,0
2,3,1,1,1,0,NA,NA,1,2,3,4,0,0,0,0
2,5,1,1,1,1,1,0,1,2,3,4,0,0,0,0
3,2,1,1,0,NA,NA,NA,1,2,3,4,0,0,0,0
3,3,0,1,1,0,NA,NA,1,2,3,4,0,0,0,0
3,3,1,1,1,0,NA,NA,1,2,3,4,0,0,0,0
3,2,0,1,0,NA,NA,NA,1,2,3,4,0,0,0,0
3,2,1,1,0,NA,NA,NA,1,2,3,4,0,0,0,0
3,2,0,1,0,NA,NA,NA,1,2,3,4,0,0,0,0
3,5,1,1,1,1,1,1,1,2,3,4,0,0,0,0
3,5,0,1,1,1,1,1,1,2,3,4,0,0,0,0
3,3,1,1,1,0,NA,NA,1,2,3,4,0,0,0,0
3,3,0,1,1,0,NA,NA,1,2,3,4,0,0,1,1
3,2,1,1,0,NA,NA,NA,1,2,3,4,0,0,0,0
3,5,0,1,1,1,1,1,1,2,3,4,0,0,0,0
3,2,0,1,0,NA,NA,NA,1,2,3,4,0,0,0,0
3,2,0,1,0,NA,NA,NA,1,2,3,4,0,0,0,0
3,2,0,1,0,NA,NA,NA,1,2,3,4,0,0,0,0
3,2,0,1,0,NA,NA,NA,1,2,3,4,0,0,0,0
5,2,1,1,0,NA,NA,NA,1,2,3,4,0,0,0,0
5,3,0,1,1,0,NA,NA,1,2,3,4,0,0,0,0
5,5,0,1,1,1,1,1,1,2,3,4,0,0,0,0
5,2,0,1,0,NA,NA,NA,1,2,3,4,0,0,0,0
5,5,0,1,1,1,1,1,1,2,3,4,0,0,0,0
5,3,0,1,1,0,NA,NA,1,2,3,4,0,0,1,1
5,2,1,1,0,NA,NA,NA,1,2,3,4,0,0,0,0
5,2,0,1,0,NA,NA,NA,1,2,3,4,0,0,0,0
5,3,1,1,1,0,NA,NA,1,2,3,4,0,0,0,0
5,2,0,1,0,NA,NA,NA,1,2,3,4,0,0,0,0
5,3,1,1,1,0,NA,NA,1,2,3,4,0,0,0,0
5,2,1,1,0,NA,NA,NA,1,2,3,4,0,0,0,0
5,2,1,1,0,NA,NA,NA,1,2,3,4,0,0,0,0
5,2,1,1,0,NA,NA,NA,1,2,3,4,0,0,0,0
5,5,1,1,1,1,1,1,2,3,4,5,0,0,0,0
5,5,1,1,1,1,1,1,2,3,4,5,0,0,0,0
5,5,0,1,1,1,1,1,2,3,4,5,0,0,0,0
5,5,1,1,1,1,1,1,2,3,4,5,0,0,0,0
5,3,0,1,1,0,NA,NA,2,3,4,5,0,0,0,0
5,5,1,1,1,1,1,1,2,3,4,5,0,0,0,0
5,5,1,1,1,1,1,1,2,3,4,5,0,0,0,0
5,5,0,1,1,1,1,1,2,3,4,5,0,0,0,0
5,5,1,1,1,1,1,1,2,3,4,5,0,0,0,0
5,5,0,1,1,1,1,1,2,3,4,5,0,0,0,1
5,5,1,1,1,1,1,1,2,3,4,5,0,0,0,0
6,2,0,1,0,NA,NA,NA,1,2,3,4,0,0,0,0
6,3,0,1,1,0,NA,NA,1,2,3,4,0,0,0,0
6,2,0,1,0,NA,NA,NA,1,2,3,4,0,0,0,0
6,2,0,1,0,NA,NA,NA,1,2,3,4,0,0,0,0
6,2,0,1,0,NA,NA,NA,1,2,3,4,0,0,0,0
6,5,1,1,1,1,1,1,2,3,4,5,0,0,0,0
6,5,1,1,1,1,1,1,2,3,4,5,0,0,0,0
6,3,0,1,1,0,NA,NA,2,3,4,5,0,0,0,1
6,2,1,1,0,NA,NA,NA,2,3,4,5,0,0,0,0
6,5,0,1,1,1,1,0,2,3,4,5,0,0,0,1
6,5,1,1,1,1,1,0,2,3,4,5,0,0,0,0
6,3,0,1,1,0,NA,NA,2,3,4,5,0,0,0,0
6,2,1,1,0,NA,NA,NA,2,3,4,5,0,0,0,0
6,2,0,1,0,NA,NA,NA,2,3,4,5,0,0,0,0
6,2,1,1,0,NA,NA,NA,2,3,4,5,0,0,0,0
6,4,1,1,1,1,0,NA,2,3,4,5,0,0,0,0
7,2,0,1,0,NA,NA,NA,1,2,3,4,0,0,0,0
7,2,0,1,0,NA,NA,NA,1,2,3,4,0,0,0,0
7,3,1,1,1,0,NA,NA,1,2,3,4,0,0,0,0
7,2,0,1,0,NA,NA,NA,1,2,3,4,0,0,0,0
7,2,1,1,0,NA,NA,NA,1,2,3,4,0,0,0,0
7,5,0,1,1,1,1,1,1,2,3,4,0,0,0,0
7,3,0,1,1,0,NA,NA,1,2,3,4,0,0,0,0
7,2,1,1,0,NA,NA,NA,1,2,3,4,0,0,0,0
7,4,1,1,1,1,0,NA,1,2,3,4,0,0,0,0
7,3,0,1,1,0,NA,NA,1,2,3,4,0,0,0,0
7,2,1,1,0,NA,NA,NA,1,2,3,4,0,0,0,0
7,2,1,1,0,NA,NA,NA,1,2,3,4,0,0,0,0
7,4,1,1,1,1,0,NA,2,3,4,5,0,0,0,0
7,4,0,1,1,1,0,NA,2,3,4,5,0,0,0,1
7,5,1,1,1,1,1,1,2,3,4,5,0,0,0,0
7,3,0,1,1,0,NA,NA,2,3,4,5,0,0,1,1
7,5,1,1,1,1,1,1,2,3,4,5,0,0,0,0
7,5,0,1,1,1,1,1,2,3,4,5,0,0,0,0
7,2,1,1,0,NA,NA,NA,2,3,4,5,0,0,0,0
7,5,0,1,1,1,1,0,2,3,4,5,0,0,0,0
7,3,1,1,1,0,NA,NA,2,3,4,5,0,0,0,0
7,4,0,1,1,1,0,NA,2,3,4,5,0,0,0,0
7,2,1,1,0,NA,NA,NA,2,3,4,5,0,0,0,0
7,5,1,1,1,1,1,0,2,3,4,5,0,0,0,0
8,2,0,1,0,NA,NA,NA,1,2,3,4,0,0,0,0
8,2,0,1,0,NA,NA,NA,1,2,3,4,0,0,0,0
8,2,0,1,0,NA,NA,NA,1,2,3,4,0,0,0,0
8,2,0,1,0,NA,NA,NA,1,2,3,4,0,0,0,0
8,2,1,1,0,NA,NA,NA,1,2,3,4,0,0,0,0
8,2,0,1,0,NA,NA,NA,1,2,3,4,0,0,0,0
8,2,1,1,0,NA,NA,NA,1,2,3,4,0,0,0,0
8,2,0,1,0,NA,NA,NA,1,2,3,4,0,0,0,0
8,2,1,1,0,NA,NA,NA,1,2,3,4,0,0,0,0
8,2,1,1,0,NA,NA,NA,1,2,3,4,0,0,0,0
8,2,1,1,0,NA,NA,NA,1,2,3,4,0,0,0,0
8,2,1,1,0,NA,NA,NA,1,2,3,4,0,0,0,0
8,3,1,1,1,0,NA,NA,2,3,4,5,0,0,1,1
8,2,0,1,0,NA,NA,NA,2,3,4,5,0,0,0,0
8,5,1,1,1,1,1,1,2,3,4,5,0,0,0,0
8,5,0,1,1,1,1,0,2,3,4,5,0,0,0,0
8,5,1,1,1,1,1,1,2,3,4,5,0,0,0,0
9,3,1,1,1,0,NA,NA,1,2,3,4,0,0,0,0
9,5,0,1,1,1,1,1,1,2,3,4,0,0,0,0
9,4,0,1,1,1,0,NA,1,2,3,4,0,0,0,0
9,5,1,1,1,1,1,1,1,2,3,4,0,0,0,0
9,5,0,1,1,1,1,1,1,2,3,4,0,0,0,0
9,5,1,1,1,1,1,1,1,2,3,4,0,0,0,0
9,5,0,1,1,1,1,1,1,2,3,4,0,0,0,0
9,2,0,1,0,NA,NA,NA,1,2,3,4,0,0,0,0
9,3,1,1,1,0,NA,NA,1,2,3,4,0,0,0,0
9,5,0,1,1,1,1,1,1,2,3,4,0,0,0,0
9,5,0,1,1,1,1,1,1,2,3,4,0,0,0,0
9,5,0,1,1,1,1,1,1,2,3,4,0,0,0,0
9,5,0,1,1,1,1,1,1,2,3,4,0,0,0,0
9,2,0,1,0,NA,NA,NA,1,2,3,4,0,0,0,0
9,5,0,1,1,1,1,1,1,2,3,4,0,0,0,0
9,5,0,1,1,1,1,1,1,2,3,4,0,0,0,0
9,2,0,1,0,NA,NA,NA,1,2,3,4,0,0,0,0
9,5,0,1,1,1,1,1,1,2,3,4,0,0,0,0
9,3,0,1,1,0,NA,NA,1,2,3,4,0,0,0,0
9,5,0,1,1,1,1,1,1,2,3,4,0,0,0,0
9,2,1,1,0,NA,NA,NA,2,3,4,5,0,0,0,0
9,2,1,1,0,NA,NA,NA,2,3,4,5,0,0,0,0
9,2,0,1,0,NA,NA,NA,2,3,4,5,0,0,0,0
9,2,1,1,0,NA,NA,NA,2,3,4,5,0,0,0,0
9,2,0,1,0,NA,NA,NA,2,3,4,5,0,0,0,0
9,5,1,1,1,1,1,1,2,3,4,5,0,0,0,0
9,5,0,1,1,1,1,1,2,3,4,5,0,0,0,0
9,5,0,1,1,1,1,1,2,3,4,5,0,0,0,0
9,3,1,1,1,0,NA,NA,2,3,4,5,0,0,0,0
9,5,0,1,1,1,1,1,2,3,4,5,0,0,0,0
9,5,0,1,1,1,1,1,2,3,4,5,0,0,0,0
9,5,1,1,1,1,1,1,2,3,4,5,0,0,0,0
10,3,1,1,1,0,NA,NA,1,2,3,4,0,0,1,1
10,5,0,1,1,1,1,1,1,2,3,4,0,0,0,0
10,4,1,1,1,1,0,NA,1,2,3,4,0,0,0,0
10,5,0,1,1,1,1,1,1,2,3,4,0,0,0,0
10,5,1,1,1,1,1,1,1,2,3,4,0,0,0,0
10,5,1,1,1,1,1,1,1,2,3,4,0,0,0,0
10,5,0,1,1,1,1,1,1,2,3,4,0,0,0,0
10,5,0,1,1,1,1,1,1,2,3,4,0,0,0,0
10,5,1,1,1,1,1,1,1,2,3,4,0,0,0,0
10,5,0,1,1,1,1,1,1,2,3,4,0,0,0,0
10,5,1,1,1,1,1,1,1,2,3,4,0,0,0,0
10,2,0,1,0,NA,NA,NA,1,2,3,4,0,0,0,0
10,3,1,1,1,0,NA,NA,1,2,3,4,0,0,1,1
10,5,0,1,1,1,1,1,1,2,3,4,0,0,0,0
10,5,0,1,1,1,1,1,1,2,3,4,0,0,0,0
10,5,0,1,1,1,1,1,1,2,3,4,0,0,0,0
10,5,0,1,1,1,1,1,1,2,3,4,0,0,0,0
10,5,0,1,1,1,1,1,1,2,3,4,0,0,0,0
10,2,0,1,0,NA,NA,NA,1,2,3,4,0,0,0,0
10,4,0,1,1,1,0,NA,1,2,3,4,0,0,0,0
10,2,0,1,0,NA,NA,NA,1,2,3,4,0,0,0,0
10,5,0,1,1,1,1,1,1,2,3,4,0,0,0,0
10,5,0,1,1,1,1,1,1,2,3,4,0,0,0,0
10,5,1,1,1,1,1,1,2,3,4,5,0,0,0,0
10,3,1,1,1,0,NA,NA,2,3,4,5,0,0,0,0
10,2,0,1,0,NA,NA,NA,2,3,4,5,0,0,0,0
10,3,1,1,1,0,NA,NA,2,3,4,5,0,0,0,0
10,2,0,1,0,NA,NA,NA,2,3,4,5,0,0,0,0
10,2,1,1,0,NA,NA,NA,2,3,4,5,0,0,0,0
10,2,0,1,0,NA,NA,NA,2,3,4,5,0,0,0,0
10,2,1,1,0,NA,NA,NA,2,3,4,5,0,0,0,0
10,2,0,1,0,NA,NA,NA,2,3,4,5,0,0,0,0
10,2,1,1,0,NA,NA,NA,2,3,4,5,0,0,0,0
10,2,0,1,0,NA,NA,NA,2,3,4,5,0,0,0,0
10,5,1,1,1,1,1,1,2,3,4,5,0,0,0,0
10,3,0,1,1,0,NA,NA,2,3,4,5,0,0,0,0
10,2,1,1,0,NA,NA,NA,2,3,4,5,0,0,0,0
11,5,1,1,1,1,1,1,1,2,3,4,0,0,0,0
11,5,1,1,1,1,1,1,1,2,3,4,0,0,0,0
11,2,0,1,0,NA,NA,NA,1,2,3,4,0,0,0,0
11,5,1,1,1,1,1,1,1,2,3,4,0,0,0,0
11,5,0,1,1,1,1,1,1,2,3,4,0,0,0,0
11,5,1,1,1,1,1,1,1,2,3,4,0,0,0,0
11,5,0,1,1,1,1,0,1,2,3,4,0,0,0,0
11,5,1,1,1,1,1,1,1,2,3,4,0,0,0,0
11,5,0,1,1,1,1,1,1,2,3,4,0,0,0,0
11,5,1,1,1,1,1,1,1,2,3,4,0,0,0,0
11,5,0,1,1,1,1,1,1,2,3,4,0,0,0,0
11,5,1,1,1,1,1,1,1,2,3,4,0,0,0,0
11,2,0,1,0,NA,NA,NA,1,2,3,4,0,0,0,0
11,2,0,1,0,NA,NA,NA,1,2,3,4,0,0,0,0
11,2,0,1,0,NA,NA,NA,1,2,3,4,0,0,0,0
11,5,0,1,1,1,1,1,1,2,3,4,0,0,0,0
11,5,0,1,1,1,1,1,1,2,3,4,0,0,0,0
11,2,0,1,0,NA,NA,NA,1,2,3,4,0,0,0,0
11,2,0,1,0,NA,NA,NA,1,2,3,4,0,0,0,0
11,5,0,1,1,1,1,1,1,2,3,4,0,0,0,0
11,5,0,1,1,1,1,1,1,2,3,4,0,0,0,0
11,2,0,1,0,NA,NA,NA,1,2,3,4,0,0,0,0
11,5,1,1,1,1,1,1,2,3,4,5,0,0,0,0
11,5,0,1,1,1,1,1,2,3,4,5,0,0,0,0
11,5,1,1,1,1,1,1,2,3,4,5,0,0,0,0
11,4,0,1,1,1,0,NA,2,3,4,5,0,0,0,0
11,5,1,1,1,1,1,1,2,3,4,5,0,0,0,0
11,2,1,1,0,NA,NA,NA,2,3,4,5,0,0,0,0
11,5,1,1,1,1,1,1,2,3,4,5,0,0,0,0
11,5,1,1,1,1,1,1,2,3,4,5,0,0,0,0
12,5,1,1,1,1,1,1,1,2,3,4,0,0,0,0
12,3,0,1,1,0,NA,NA,1,2,3,4,0,0,0,0
12,5,0,1,1,1,1,1,1,2,3,4,0,0,0,0
12,4,1,1,1,1,0,NA,1,2,3,4,0,0,0,0
12,4,0,1,1,1,0,NA,1,2,3,4,0,0,0,0
12,5,1,1,1,1,1,0,1,2,3,4,0,0,0,0
12,5,0,1,1,1,1,1,1,2,3,4,0,0,0,0
12,3,0,1,1,0,NA,NA,1,2,3,4,0,0,0,0
12,2,1,1,0,NA,NA,NA,1,2,3,4,0,0,0,0
12,2,0,1,0,NA,NA,NA,1,2,3,4,0,0,0,0
12,2,1,1,0,NA,NA,NA,1,2,3,4,0,0,0,0
12,2,0,1,0,NA,NA,NA,1,2,3,4,0,0,0,0
12,2,1,1,0,NA,NA,NA,1,2,3,4,0,0,0,0
12,2,0,1,0,NA,NA,NA,1,2,3,4,0,0,0,0
12,5,0,1,1,1,1,1,1,2,3,4,0,0,0,0
12,2,0,1,0,NA,NA,NA,1,2,3,4,0,0,0,0
12,2,0,1,0,NA,NA,NA,1,2,3,4,0,0,0,0
12,2,0,1,0,NA,NA,NA,1,2,3,4,0,0,0,0
12,2,0,1,0,NA,NA,NA,1,2,3,4,0,0,0,0
12,2,0,1,0,NA,NA,NA,1,2,3,4,0,0,0,0
12,5,0,1,1,1,1,1,1,2,3,4,0,0,0,0
12,5,0,1,1,1,1,1,1,2,3,4,0,0,0,0
12,5,1,1,1,1,1,1,2,3,4,5,0,0,0,0
12,5,1,1,1,1,1,1,2,3,4,5,0,0,1,1
12,5,0,1,1,1,1,1,2,3,4,5,0,0,0,0
12,2,1,1,0,NA,NA,NA,2,3,4,5,0,0,0,0
12,5,0,1,1,1,1,1,2,3,4,5,0,0,0,0
12,5,1,1,1,1,1,1,2,3,4,5,0,0,1,1
12,2,1,1,0,NA,NA,NA,2,3,4,5,0,0,0,0
12,2,0,1,0,NA,NA,NA,2,3,4,5,0,0,0,0
12,5,1,1,1,1,1,1,2,3,4,5,0,0,0,0
12,5,0,1,1,1,1,1,2,3,4,5,0,0,0,0
12,5,1,1,1,1,1,1,2,3,4,5,0,0,0,0
12,2,0,1,0,NA,NA,NA,2,3,4,5,0,0,0,0
12,3,1,1,1,0,NA,NA,2,3,4,5,0,0,0,0
13,2,1,1,0,NA,NA,NA,1,2,3,4,0,0,0,0
13,5,0,1,1,1,1,1,1,2,3,4,0,0,0,0
13,2,1,1,0,NA,NA,NA,1,2,3,4,0,0,0,0
13,5,0,1,1,1,1,1,1,2,3,4,0,0,0,0
13,5,1,1,1,1,1,1,1,2,3,4,0,0,0,0
13,5,0,1,1,1,1,1,1,2,3,4,0,0,0,0
13,5,1,1,1,1,1,1,1,2,3,4,0,0,1,1
13,5,0,1,1,1,1,1,1,2,3,4,0,0,0,0
13,5,0,1,1,1,1,1,1,2,3,4,0,0,0,0
13,5,1,1,1,1,1,1,1,2,3,4,0,0,0,0
13,5,0,1,1,1,1,1,1,2,3,4,0,0,0,0
13,5,1,1,1,1,1,1,1,2,3,4,0,0,0,0
13,5,0,1,1,1,1,1,1,2,3,4,0,0,1,1
13,5,0,1,1,1,1,1,1,2,3,4,0,0,0,0
13,5,0,1,1,1,1,1,1,2,3,4,0,0,0,0
13,5,0,1,1,1,1,1,1,2,3,4,0,0,0,0
13,5,0,1,1,1,1,1,1,2,3,4,0,0,0,0
13,5,0,1,1,1,1,1,1,2,3,4,0,0,1,1
13,2,0,1,0,NA,NA,NA,1,2,3,4,0,0,0,0
13,5,0,1,1,1,1,1,1,2,3,4,0,0,0,0
13,5,0,1,1,1,1,1,1,2,3,4,0,0,0,0
13,5,0,1,1,1,1,1,1,2,3,4,0,0,0,0
13,5,0,1,1,1,1,1,1,2,3,4,0,0,0,0
13,5,1,1,1,1,1,1,1,2,3,4,0,0,0,0
13,5,1,1,1,1,1,1,2,3,4,5,0,0,0,0
13,5,0,1,1,1,1,1,2,3,4,5,0,0,0,0
13,5,1,1,1,1,1,1,2,3,4,5,0,0,0,0
13,5,0,1,1,1,1,1,2,3,4,5,0,0,0,0
13,2,1,1,0,NA,NA,NA,2,3,4,5,0,0,0,0
13,5,1,1,1,1,1,0,2,3,4,5,0,0,0,0
13,5,1,1,1,1,1,1,2,3,4,5,0,0,0,0
13,3,1,1,1,0,NA,NA,2,3,4,5,0,0,0,0
13,5,1,1,1,1,1,1,2,3,4,5,0,0,0,0
13,5,1,1,1,1,1,1,2,3,4,5,0,0,0,0
14,5,1,1,1,1,1,0,1,2,3,4,0,0,0,0
14,5,0,1,1,1,1,1,1,2,3,4,0,0,0,0
14,2,1,1,0,NA,NA,NA,1,2,3,4,0,0,0,0
14,5,0,1,1,1,1,1,1,2,3,4,0,0,0,0
14,2,1,1,0,NA,NA,NA,1,2,3,4,0,0,0,0
14,5,1,1,1,1,1,1,1,2,3,4,0,0,0,0
14,3,0,1,1,0,NA,NA,1,2,3,4,0,0,0,0
14,4,0,1,1,1,0,NA,1,2,3,4,0,0,0,0
14,2,0,1,0,NA,NA,NA,1,2,3,4,0,0,0,0
14,3,0,1,1,0,NA,NA,1,2,3,4,0,0,0,0
14,2,1,1,0,NA,NA,NA,2,3,4,5,0,0,0,0
14,5,1,1,1,1,1,0,2,3,4,5,0,0,0,0
14,5,1,1,1,1,1,1,2,3,4,5,0,0,0,0
14,2,1,1,0,NA,NA,NA,2,3,4,5,0,0,0,0
14,2,1,1,0,NA,NA,NA,2,3,4,5,0,0,0,0
14,3,1,1,1,0,NA,NA,2,3,4,5,0,0,0,0
14,5,1,1,1,1,1,1,2,3,4,5,0,0,0,0
15,5,1,1,1,1,1,1,1,2,3,4,0,0,0,0
15,3,1,1,1,0,NA,NA,1,2,3,4,0,0,0,0
15,5,0,1,1,1,1,1,1,2,3,4,0,0,0,0
15,5,0,1,1,1,1,1,1,2,3,4,0,0,0,0
15,3,1,1,1,0,NA,NA,1,2,3,4,0,0,0,0
15,3,0,1,1,0,NA,NA,1,2,3,4,0,0,0,0
15,5,0,1,1,1,1,1,1,2,3,4,0,0,0,0
15,5,0,1,1,1,1,1,1,2,3,4,0,0,0,0
15,5,0,1,1,1,1,1,1,2,3,4,0,0,0,0
15,5,0,1,1,1,1,1,1,2,3,4,0,0,0,0
15,5,0,1,1,1,1,1,1,2,3,4,0,0,0,0
15,5,0,1,1,1,1,1,1,2,3,4,0,0,0,0
15,5,0,1,1,1,1,1,1,2,3,4,0,0,0,0
15,5,0,1,1,1,1,1,1,2,3,4,0,0,0,0
15,5,0,1,1,1,1,1,1,2,3,4,0,0,0,0
15,5,0,1,1,1,1,1,1,2,3,4,0,0,0,0
15,3,1,1,1,0,NA,NA,2,3,4,5,0,0,1,1
15,3,1,1,1,0,NA,NA,2,3,4,5,0,0,1,1
15,3,1,1,1,0,NA,NA,2,3,4,5,0,0,0,0
15,2,1,1,0,NA,NA,NA,2,3,4,5,0,0,0,0
15,2,1,1,0,NA,NA,NA,2,3,4,5,0,0,0,0
15,2,1,1,0,NA,NA,NA,2,3,4,5,0,0,0,0
15,2,1,1,0,NA,NA,NA,2,3,4,5,0,0,0,0
15,2,1,1,0,NA,NA,NA,2,3,4,5,0,0,0,0
16,4,0,1,1,1,0,NA,1,2,3,4,0,0,0,0
16,5,0,1,1,1,1,1,1,2,3,4,0,0,0,0
16,5,0,1,1,1,1,1,1,2,3,4,0,0,0,0
16,2,0,1,0,NA,NA,NA,1,2,3,4,0,0,0,0
16,4,0,1,1,1,0,NA,1,2,3,4,0,0,0,0
16,4,0,1,1,1,0,NA,1,2,3,4,0,0,0,0
16,2,0,1,0,NA,NA,NA,1,2,3,4,0,0,0,0
16,5,0,1,1,1,1,1,1,2,3,4,0,0,0,0
16,5,1,1,1,1,1,1,1,2,3,4,0,0,0,0
16,3,0,1,1,0,NA,NA,1,2,3,4,0,0,0,0
16,2,1,1,0,NA,NA,NA,1,2,3,4,0,0,0,0
16,5,0,1,1,1,1,1,1,2,3,4,0,0,0,0
16,3,1,1,1,0,NA,NA,1,2,3,4,0,0,0,0
16,3,0,1,1,0,NA,NA,1,2,3,4,0,0,0,0
16,3,1,1,1,0,NA,NA,1,2,3,4,0,0,0,0
16,3,0,1,1,0,NA,NA,1,2,3,4,0,0,0,0
16,3,1,1,1,0,NA,NA,1,2,3,4,0,0,0,0
16,3,1,1,1,0,NA,NA,1,2,3,4,0,0,0,0
16,2,0,1,0,NA,NA,NA,1,2,3,4,0,0,0,0
16,3,1,1,1,0,NA,NA,2,3,4,5,0,0,0,0
16,2,0,1,0,NA,NA,NA,2,3,4,5,0,0,0,0
16,5,0,1,1,1,1,1,2,3,4,5,0,0,0,0
16,2,0,1,0,NA,NA,NA,2,3,4,5,0,0,0,0
16,3,1,1,1,0,NA,NA,2,3,4,5,0,0,0,0
16,2,0,1,0,NA,NA,NA,2,3,4,5,0,0,0,0
16,5,0,1,1,1,1,1,2,3,4,5,0,0,0,0
16,2,1,1,0,NA,NA,NA,2,3,4,5,0,0,0,0
16,3,1,1,1,0,NA,NA,2,3,4,5,0,0,0,0
16,2,0,1,0,NA,NA,NA,2,3,4,5,0,0,0,0
16,5,1,1,1,1,1,1,2,3,4,5,0,0,0,0
16,2,0,1,0,NA,NA,NA,2,3,4,5,0,0,0,0
16,5,1,1,1,1,1,1,2,3,4,5,0,0,0,0
49,2,0,1,0,NA,NA,NA,1,2,3,4,0,0,0,0
49,3,0,1,1,0,NA,NA,1,2,3,4,0,0,0,0
49,3,0,1,1,0,NA,NA,1,2,3,4,0,0,0,0
49,3,0,1,1,0,NA,NA,1,2,3,4,0,0,0,0
49,5,0,1,1,1,1,1,1,2,3,4,0,0,0,0
49,2,0,1,0,NA,NA,NA,1,2,3,4,0,0,0,0
49,3,0,1,1,0,NA,NA,1,2,3,4,0,0,0,0
49,3,0,1,1,0,NA,NA,1,2,3,4,0,0,0,0
49,2,0,1,0,NA,NA,NA,1,2,3,4,0,0,0,0
49,3,0,1,1,0,NA,NA,1,2,3,4,0,0,0,0
49,3,0,1,1,0,NA,NA,1,2,3,4,0,0,0,0
49,3,0,1,1,0,NA,NA,1,2,3,4,0,0,0,0
49,2,0,1,0,NA,NA,NA,1,2,3,4,0,0,0,0
49,3,0,1,1,0,NA,NA,1,2,3,4,0,0,0,0
49,3,0,1,1,0,NA,NA,1,2,3,4,0,0,0,0
49,2,0,1,0,NA,NA,NA,1,2,3,4,0,0,0,0
49,2,1,1,0,NA,NA,NA,2,3,4,5,0,0,0,0
49,4,1,1,1,1,0,NA,2,3,4,5,0,0,0,0
49,5,1,1,1,1,1,1,2,3,4,5,0,0,0,0
49,2,1,1,0,NA,NA,NA,2,3,4,5,0,0,0,0
49,2,1,1,0,NA,NA,NA,2,3,4,5,0,0,0,0
49,5,1,1,1,1,1,1,2,3,4,5,0,0,0,0
49,4,1,1,1,1,0,NA,2,3,4,5,0,0,0,0
49,3,1,1,1,0,NA,NA,2,3,4,5,0,0,0,0
50,5,0,1,1,1,1,1,1,2,3,4,0,0,0,0
50,5,0,1,1,1,1,1,1,2,3,4,0,0,0,0
50,5,0,1,1,1,1,1,1,2,3,4,0,0,0,0
50,2,0,1,0,NA,NA,NA,1,2,3,4,0,0,0,0
50,5,0,1,1,1,1,1,1,2,3,4,0,0,0,0
50,2,0,1,0,NA,NA,NA,1,2,3,4,0,0,0,0
50,5,0,1,1,1,1,1,1,2,3,4,0,0,0,0
50,5,0,1,1,1,1,1,1,2,3,4,0,0,0,0
50,5,0,1,1,1,1,1,1,2,3,4,0,0,0,0
50,5,0,1,1,1,1,1,1,2,3,4,0,0,0,0
50,5,0,1,1,1,1,1,1,2,3,4,0,0,0,0
50,5,0,1,1,1,1,1,1,2,3,4,0,0,0,0
50,5,0,1,1,1,1,1,1,2,3,4,0,0,0,0
50,5,0,1,1,1,1,1,1,2,3,4,0,0,0,0
50,5,0,1,1,1,1,1,1,2,3,4,0,0,0,0
50,5,1,1,1,1,1,1,2,3,4,5,0,0,0,0
50,5,1,1,1,1,1,1,2,3,4,5,0,0,0,0
50,5,1,1,1,1,1,1,2,3,4,5,0,0,0,0
50,5,1,1,1,1,1,1,2,3,4,5,0,0,0,0
50,2,1,1,0,NA,NA,NA,2,3,4,5,0,0,0,0
50,5,1,1,1,1,1,1,2,3,4,5,0,0,0,0
50,2,1,1,0,NA,NA,NA,2,3,4,5,0,0,0,0
17,2,0,1,0,NA,NA,NA,1,2,3,4,0,0,0,0
17,2,1,1,0,NA,NA,NA,1,2,3,4,0,0,0,0
17,2,1,1,0,NA,NA,NA,1,2,3,4,0,0,0,0
17,2,0,1,0,NA,NA,NA,1,2,3,4,0,0,0,0
17,2,0,1,0,NA,NA,NA,1,2,3,4,0,0,0,0
17,2,0,1,0,NA,NA,NA,1,2,3,4,0,0,0,0
17,3,0,1,1,0,NA,NA,1,2,3,4,0,1,1,1
17,2,0,1,0,NA,NA,NA,1,2,3,4,0,0,0,0
17,3,1,1,1,0,NA,NA,2,3,4,5,0,0,0,0
17,5,0,1,1,1,1,1,2,3,4,5,0,0,0,0
17,5,1,1,1,1,1,1,2,3,4,5,0,0,0,0
17,3,1,1,1,0,NA,NA,2,3,4,5,0,0,0,0
17,5,0,1,1,1,1,1,2,3,4,5,0,0,0,0
17,5,1,1,1,1,1,1,2,3,4,5,0,0,0,0
17,2,0,1,0,NA,NA,NA,2,3,4,5,0,0,0,0
17,3,1,1,1,0,NA,NA,2,3,4,5,0,0,0,0
17,3,0,1,1,0,NA,NA,2,3,4,5,0,0,0,0
17,5,1,1,1,1,1,1,2,3,4,5,0,0,0,0
17,2,0,1,0,NA,NA,NA,2,3,4,5,0,0,0,0
17,5,1,1,1,1,1,1,2,3,4,5,0,0,0,0
17,2,1,1,0,NA,NA,NA,2,3,4,5,0,0,0,0
17,5,1,1,1,1,1,1,2,3,4,5,0,0,0,0
18,2,1,1,0,NA,NA,NA,1,2,3,4,0,0,0,0
18,2,1,1,0,NA,NA,NA,1,2,3,4,0,0,0,0
18,2,1,1,0,NA,NA,NA,1,2,3,4,0,0,0,0
18,3,1,1,1,0,NA,NA,1,2,3,4,0,0,0,0
18,4,1,1,1,1,0,NA,1,2,3,4,0,0,0,0
18,3,1,1,1,0,NA,NA,1,2,3,4,0,0,0,0
18,4,1,1,1,1,0,NA,2,3,4,5,0,0,0,0
18,2,0,1,0,NA,NA,NA,2,3,4,5,0,0,0,0
18,2,1,1,0,NA,NA,NA,2,3,4,5,0,0,0,0
18,3,0,1,1,0,NA,NA,2,3,4,5,0,0,0,0
18,2,0,1,0,NA,NA,NA,2,3,4,5,0,0,0,0
18,3,0,1,1,0,NA,NA,2,3,4,5,0,0,0,0
18,3,1,1,1,0,NA,NA,2,3,4,5,0,0,0,0
18,3,0,1,1,0,NA,NA,2,3,4,5,0,0,0,0
18,3,1,1,1,0,NA,NA,2,3,4,5,0,0,0,0
18,3,1,1,1,0,NA,NA,2,3,4,5,0,0,0,0
18,3,0,1,1,0,NA,NA,2,3,4,5,0,0,0,0
18,2,1,1,0,NA,NA,NA,2,3,4,5,0,0,0,0
18,3,0,1,1,0,NA,NA,2,3,4,5,0,0,0,0
18,3,1,1,1,0,NA,NA,2,3,4,5,0,0,0,0
19,2,0,1,0,NA,NA,NA,1,2,3,4,0,0,0,0
19,3,0,1,1,0,NA,NA,1,2,3,4,0,1,1,1
19,5,1,1,1,1,1,1,2,3,4,5,0,0,0,0
19,5,0,1,1,1,1,1,2,3,4,5,0,0,0,0
19,5,1,1,1,1,1,1,2,3,4,5,0,0,0,0
19,2,1,1,0,NA,NA,NA,2,3,4,5,0,0,0,0
19,5,0,1,1,1,1,1,2,3,4,5,0,0,0,0
19,3,0,1,1,0,NA,NA,2,3,4,5,0,0,1,1
19,5,1,1,1,1,1,1,2,3,4,5,0,0,1,1
19,5,0,1,1,1,1,1,2,3,4,5,0,0,0,0
19,5,1,1,1,1,1,1,2,3,4,5,0,0,0,0
19,5,1,1,1,1,1,1,2,3,4,5,0,0,0,0
20,5,1,1,1,1,1,1,1,2,3,4,0,0,0,0
20,2,1,1,0,NA,NA,NA,1,2,3,4,0,0,0,0
20,3,1,1,1,0,NA,NA,1,2,3,4,0,0,0,0
20,3,0,1,1,0,NA,NA,1,2,3,4,0,0,0,0
20,5,1,1,1,1,1,1,1,2,3,4,0,0,0,0
20,2,1,1,0,NA,NA,NA,1,2,3,4,0,0,0,0
20,3,1,1,1,0,NA,NA,1,2,3,4,0,0,0,0
20,2,0,1,0,NA,NA,NA,1,2,3,4,0,0,0,0
20,2,0,1,0,NA,NA,NA,1,2,3,4,0,0,0,0
20,2,0,1,0,NA,NA,NA,1,2,3,4,0,0,0,0
20,2,1,1,0,NA,NA,NA,2,3,4,5,0,0,0,0
20,5,0,1,1,1,1,1,2,3,4,5,0,0,0,0
20,5,1,1,1,1,1,1,2,3,4,5,0,0,0,0
20,3,1,1,1,0,NA,NA,2,3,4,5,0,0,0,0
20,5,0,1,1,1,1,1,2,3,4,5,0,0,0,0
20,5,1,1,1,1,1,1,2,3,4,5,0,0,0,0
20,5,0,1,1,1,1,1,2,3,4,5,0,0,0,0
20,5,1,1,1,1,1,1,2,3,4,5,0,0,0,0
20,4,0,1,1,1,0,NA,2,3,4,5,0,0,0,0
20,5,1,1,1,1,1,1,2,3,4,5,0,0,0,0
20,5,1,1,1,1,1,1,2,3,4,5,0,0,0,0
20,2,0,1,0,NA,NA,NA,2,3,4,5,0,0,0,0
20,5,1,1,1,1,1,1,2,3,4,5,0,0,0,0
20,2,0,1,0,NA,NA,NA,2,3,4,5,0,0,0,0
21,2,1,1,0,NA,NA,NA,1,2,3,4,0,0,0,0
21,2,1,1,0,NA,NA,NA,1,2,3,4,0,0,0,0
21,5,1,1,1,1,1,1,2,3,4,5,0,0,0,0
21,3,0,1,1,0,NA,NA,2,3,4,5,0,0,0,0
21,2,1,1,0,NA,NA,NA,2,3,4,5,0,0,0,0
21,2,0,1,0,NA,NA,NA,2,3,4,5,0,0,0,0
21,5,1,1,1,1,1,1,2,3,4,5,0,0,0,0
21,5,0,1,1,1,1,1,2,3,4,5,0,0,0,0
21,5,1,1,1,1,1,1,2,3,4,5,0,0,0,0
21,5,1,1,1,1,1,1,2,3,4,5,0,0,0,0
21,5,0,1,1,1,1,0,2,3,4,5,0,0,0,0
21,2,1,1,0,NA,NA,NA,2,3,4,5,0,0,0,0
21,5,0,1,1,1,1,1,2,3,4,5,0,1,1,1
21,5,1,1,1,1,1,1,2,3,4,5,0,0,0,0
21,2,0,1,0,NA,NA,NA,2,3,4,5,0,0,0,0
21,5,1,1,1,1,1,1,2,3,4,5,0,0,1,1
22,3,1,1,1,0,NA,NA,1,2,3,4,0,0,0,0
22,3,1,1,1,0,NA,NA,1,2,3,4,0,0,0,0
22,2,1,1,0,NA,NA,NA,1,2,3,4,0,0,0,0
22,3,1,1,1,0,NA,NA,1,2,3,4,0,0,0,0
22,4,1,1,1,1,0,NA,2,3,4,5,0,0,0,0
22,3,1,1,1,0,NA,NA,2,3,4,5,0,0,0,0
22,3,1,1,1,0,NA,NA,2,3,4,5,0,0,0,0
22,3,1,1,1,0,NA,NA,2,3,4,5,0,0,0,0
22,3,0,1,1,0,NA,NA,2,3,4,5,0,0,0,0
22,3,1,1,1,0,NA,NA,2,3,4,5,0,0,0,0
22,3,0,1,1,0,NA,NA,2,3,4,5,0,0,0,0
22,3,1,1,1,0,NA,NA,2,3,4,5,0,0,0,0
22,3,0,1,1,0,NA,NA,2,3,4,5,0,0,0,0
22,2,0,1,0,NA,NA,NA,2,3,4,5,0,0,0,0
22,3,1,1,1,0,NA,NA,2,3,4,5,0,0,0,0
22,3,1,1,1,0,NA,NA,2,3,4,5,0,0,0,0
22,2,0,1,0,NA,NA,NA,2,3,4,5,0,0,0,0
23,5,1,1,1,1,1,1,2,3,4,5,0,0,0,0
23,5,0,1,1,1,1,1,2,3,4,5,0,0,0,0
23,5,1,1,1,1,1,1,2,3,4,5,0,0,0,0
23,5,0,1,1,1,1,1,2,3,4,5,0,0,0,0
23,5,1,1,1,1,1,1,2,3,4,5,0,0,0,0
23,5,0,1,1,1,1,1,2,3,4,5,0,0,0,0
23,3,1,1,1,0,NA,NA,2,3,4,5,0,0,0,0
23,5,1,1,1,1,1,1,2,3,4,5,0,0,0,0
23,5,0,1,1,1,1,1,2,3,4,5,0,0,0,0
23,5,1,1,1,1,1,1,2,3,4,5,0,0,0,0
23,4,0,1,1,1,0,NA,2,3,4,5,0,0,0,0
23,5,1,1,1,1,1,1,2,3,4,5,0,0,0,0
23,5,0,1,1,1,1,1,2,3,4,5,0,0,0,0
23,3,1,1,1,0,NA,NA,2,3,4,5,0,0,0,0
24,2,0,1,0,NA,NA,NA,1,2,3,4,0,0,0,0
24,2,0,1,0,NA,NA,NA,1,2,3,4,0,0,0,0
24,2,1,1,0,NA,NA,NA,1,2,3,4,0,0,0,0
24,2,0,1,0,NA,NA,NA,1,2,3,4,0,0,0,0
24,2,1,1,0,NA,NA,NA,1,2,3,4,0,0,0,0
24,3,1,1,1,0,NA,NA,1,2,3,4,0,0,0,0
24,2,1,1,0,NA,NA,NA,1,2,3,4,0,0,0,0
24,2,0,1,0,NA,NA,NA,1,2,3,4,0,0,0,0
24,2,1,1,0,NA,NA,NA,1,2,3,4,0,0,0,0
24,2,0,1,0,NA,NA,NA,1,2,3,4,0,0,0,0
24,2,1,1,0,NA,NA,NA,2,3,4,5,0,0,0,0
24,5,0,1,1,1,1,1,2,3,4,5,0,0,0,0
24,5,1,1,1,1,1,1,2,3,4,5,0,0,0,0
24,5,0,1,1,1,1,1,2,3,4,5,0,0,0,0
24,4,1,1,1,1,0,NA,2,3,4,5,0,0,0,0
24,5,0,1,1,1,1,1,2,3,4,5,0,0,0,0
24,4,1,1,1,1,0,NA,2,3,4,5,0,0,0,0
24,5,0,1,1,1,1,1,2,3,4,5,0,0,0,0
24,4,1,1,1,1,0,NA,2,3,4,5,0,0,0,0
24,2,1,1,0,NA,NA,NA,2,3,4,5,0,0,0,0
24,5,1,1,1,1,1,1,2,3,4,5,0,0,0,0
24,3,0,1,1,0,NA,NA,2,3,4,5,0,0,0,0
25,5,1,1,1,1,1,1,2,3,4,5,0,0,0,0
25,5,0,1,1,1,1,1,2,3,4,5,0,0,0,0
25,5,1,1,1,1,1,1,2,3,4,5,0,0,0,0
25,3,0,1,1,0,NA,NA,2,3,4,5,0,0,0,0
25,2,1,1,0,NA,NA,NA,2,3,4,5,0,0,0,0
25,5,0,1,1,1,1,1,2,3,4,5,0,0,0,0
25,5,1,1,1,1,1,1,2,3,4,5,0,0,0,0
25,5,1,1,1,1,1,1,2,3,4,5,0,0,0,0
25,2,1,1,0,NA,NA,NA,2,3,4,5,0,0,0,0
25,2,0,1,0,NA,NA,NA,2,3,4,5,0,0,0,0
25,2,1,1,0,NA,NA,NA,2,3,4,5,0,0,0,0
25,2,0,1,0,NA,NA,NA,2,3,4,5,0,0,0,0
25,3,0,1,1,0,NA,NA,2,3,4,5,0,0,0,0
25,2,1,1,0,NA,NA,NA,2,3,4,5,0,0,0,0
26,5,0,1,1,1,1,1,1,2,3,4,0,0,0,0
26,2,1,1,0,NA,NA,NA,1,2,3,4,0,0,0,0
26,2,0,1,0,NA,NA,NA,1,2,3,4,0,0,0,0
26,2,1,1,0,NA,NA,NA,1,2,3,4,0,0,0,0
26,2,1,1,0,NA,NA,NA,1,2,3,4,0,0,0,0
26,5,0,1,1,1,1,1,1,2,3,4,0,0,0,0
26,2,0,1,0,NA,NA,NA,1,2,3,4,0,0,0,0
26,2,1,1,0,NA,NA,NA,1,2,3,4,0,0,0,0
26,2,0,1,0,NA,NA,NA,1,2,3,4,0,0,0,0
26,3,1,1,1,0,NA,NA,1,2,3,4,0,0,0,0
26,5,0,1,1,1,1,0,1,2,3,4,0,0,0,0
26,2,0,1,0,NA,NA,NA,1,2,3,4,0,0,0,0
26,4,0,1,1,1,0,NA,1,2,3,4,0,0,0,0
26,2,0,1,0,NA,NA,NA,1,2,3,4,0,0,0,0
26,2,0,1,0,NA,NA,NA,1,2,3,4,0,0,0,0
26,5,0,1,1,1,1,0,1,2,3,4,0,0,0,0
26,4,1,1,1,1,0,NA,2,3,4,5,0,0,0,0
26,3,0,1,1,0,NA,NA,2,3,4,5,0,0,0,0
26,5,1,1,1,1,1,0,2,3,4,5,0,0,0,0
26,5,0,1,1,1,1,0,2,3,4,5,0,0,0,0
26,2,1,1,0,NA,NA,NA,2,3,4,5,0,0,0,0
26,2,0,1,0,NA,NA,NA,2,3,4,5,0,0,0,0
26,3,1,1,1,0,NA,NA,2,3,4,5,0,0,0,0
26,3,0,1,1,0,NA,NA,2,3,4,5,0,0,0,0
26,3,1,1,1,0,NA,NA,2,3,4,5,0,0,1,1
26,5,1,1,1,1,1,1,2,3,4,5,0,0,0,0
26,2,0,1,0,NA,NA,NA,2,3,4,5,0,0,0,0
26,2,0,1,0,NA,NA,NA,2,3,4,5,0,0,0,0
26,5,0,1,1,1,1,1,2,3,4,5,0,0,0,0
27,3,1,1,1,0,NA,NA,1,2,3,4,0,0,0,0
27,2,0,1,0,NA,NA,NA,1,2,3,4,0,0,0,0
27,3,1,1,1,0,NA,NA,1,2,3,4,0,0,0,0
27,2,1,1,0,NA,NA,NA,1,2,3,4,0,0,0,0
27,2,1,1,0,NA,NA,NA,1,2,3,4,0,0,0,0
27,2,0,1,0,NA,NA,NA,1,2,3,4,0,0,0,0
27,3,1,1,1,0,NA,NA,1,2,3,4,0,0,0,0
27,2,0,1,0,NA,NA,NA,1,2,3,4,0,0,0,0
27,3,0,1,1,0,NA,NA,1,2,3,4,0,0,0,0
27,2,0,1,0,NA,NA,NA,1,2,3,4,0,0,0,0
27,2,1,1,0,NA,NA,NA,1,2,3,4,0,0,0,0
27,3,0,1,1,0,NA,NA,1,2,3,4,0,0,0,0
27,3,0,1,1,0,NA,NA,1,2,3,4,0,0,0,0
27,5,1,1,1,1,1,1,1,2,3,4,0,0,0,0
27,5,0,1,1,1,1,1,1,2,3,4,0,0,0,0
27,5,0,1,1,1,1,1,1,2,3,4,0,0,0,0
27,5,0,1,1,1,1,1,1,2,3,4,0,0,0,0
27,3,1,1,1,0,NA,NA,2,3,4,5,0,0,0,0
27,5,0,1,1,1,1,1,2,3,4,5,0,0,0,0
27,5,1,1,1,1,1,1,2,3,4,5,0,0,0,0
27,2,1,1,0,NA,NA,NA,2,3,4,5,0,0,0,0
27,2,0,1,0,NA,NA,NA,2,3,4,5,0,0,0,0
27,2,1,1,0,NA,NA,NA,2,3,4,5,0,0,0,0
27,5,0,1,1,1,1,1,2,3,4,5,0,0,0,0
27,5,1,1,1,1,1,1,2,3,4,5,0,0,0,0
27,5,0,1,1,1,1,1,2,3,4,5,0,0,0,0
27,2,1,1,0,NA,NA,NA,2,3,4,5,0,0,0,0
27,5,0,1,1,1,1,1,2,3,4,5,0,0,0,0
27,5,1,1,1,1,1,1,2,3,4,5,0,0,0,0
27,5,0,1,1,1,1,1,2,3,4,5,0,0,0,0
27,5,1,1,1,1,1,1,2,3,4,5,0,0,0,0
28,3,0,1,1,0,NA,NA,1,2,3,4,0,0,0,0
28,5,0,1,1,1,1,1,1,2,3,4,0,0,0,0
28,5,0,1,1,1,1,1,1,2,3,4,0,0,0,0
28,5,1,1,1,1,1,1,1,2,3,4,0,0,0,0
28,5,1,1,1,1,1,1,1,2,3,4,0,0,0,0
28,3,1,1,1,0,NA,NA,1,2,3,4,0,0,0,0
28,5,1,1,1,1,1,1,1,2,3,4,0,0,0,0
28,5,0,1,1,1,1,1,1,2,3,4,0,0,0,0
28,5,0,1,1,1,1,0,1,2,3,4,0,0,0,0
28,5,1,1,1,1,1,1,2,3,4,5,0,0,0,0
28,5,0,1,1,1,1,1,2,3,4,5,0,0,0,0
28,4,1,1,1,1,0,NA,2,3,4,5,0,0,0,0
28,5,0,1,1,1,1,1,2,3,4,5,0,0,0,1
28,5,1,1,1,1,1,1,2,3,4,5,0,0,0,0
28,5,0,1,1,1,1,0,2,3,4,5,0,0,0,0
28,5,1,1,1,1,1,1,2,3,4,5,0,0,0,0
28,5,0,1,1,1,1,1,2,3,4,5,0,0,0,0
28,5,1,1,1,1,1,1,2,3,4,5,0,0,0,0
28,3,0,1,1,0,NA,NA,2,3,4,5,0,0,0,0
28,3,1,1,1,0,NA,NA,2,3,4,5,0,0,0,0
28,5,1,1,1,1,1,1,2,3,4,5,0,0,0,0
28,5,0,1,1,1,1,1,2,3,4,5,0,0,0,0
28,3,1,1,1,0,NA,NA,2,3,4,5,0,0,0,0
29,2,1,1,0,NA,NA,NA,1,2,3,4,0,0,0,0
29,5,0,1,1,1,1,1,1,2,3,4,0,0,0,0
29,5,1,1,1,1,1,1,1,2,3,4,0,0,0,0
29,3,0,1,1,0,NA,NA,1,2,3,4,0,0,0,0
29,5,1,1,1,1,1,1,1,2,3,4,0,0,0,0
29,3,1,1,1,0,NA,NA,1,2,3,4,0,0,0,0
29,5,0,1,1,1,1,0,1,2,3,4,0,0,0,0
29,3,0,1,1,0,NA,NA,1,2,3,4,0,0,0,0
29,5,1,1,1,1,1,1,1,2,3,4,0,0,0,0
29,5,0,1,1,1,1,0,1,2,3,4,0,0,0,0
29,5,0,1,1,1,1,1,1,2,3,4,0,0,0,0
29,3,1,1,1,0,NA,NA,1,2,3,4,0,0,0,0
29,5,0,1,1,1,1,0,1,2,3,4,0,0,0,0
29,5,0,1,1,1,1,1,1,2,3,4,0,0,0,0
29,5,0,1,1,1,1,1,1,2,3,4,0,0,0,0
29,3,0,1,1,0,NA,NA,1,2,3,4,0,0,0,0
29,5,0,1,1,1,1,1,1,2,3,4,0,0,0,0
29,5,0,1,1,1,1,1,1,2,3,4,0,0,0,0
29,2,0,1,0,NA,NA,NA,2,3,4,5,0,0,0,0
29,5,1,1,1,1,1,1,2,3,4,5,0,0,0,0
29,2,0,1,0,NA,NA,NA,2,3,4,5,0,0,0,0
29,5,1,1,1,1,1,1,2,3,4,5,0,0,0,0
29,5,0,1,1,1,1,1,2,3,4,5,0,0,0,0
29,3,1,1,1,0,NA,NA,2,3,4,5,0,0,0,0
29,2,0,1,0,NA,NA,NA,2,3,4,5,0,0,0,0
29,3,1,1,1,0,NA,NA,2,3,4,5,0,0,0,0
29,3,0,1,1,0,NA,NA,2,3,4,5,0,0,0,0
29,2,1,1,0,NA,NA,NA,2,3,4,5,0,0,0,0
29,5,1,1,1,1,1,0,2,3,4,5,0,0,0,0
29,3,0,1,1,0,NA,NA,2,3,4,5,0,0,0,0
29,3,1,1,1,0,NA,NA,2,3,4,5,0,0,1,1
29,2,0,1,0,NA,NA,NA,2,3,4,5,0,0,0,0
29,2,1,1,0,NA,NA,NA,2,3,4,5,0,0,0,0
30,4,0,1,1,1,0,NA,1,2,3,4,0,0,0,0
30,3,1,1,1,0,NA,NA,1,2,3,4,0,0,0,0
30,3,1,1,1,0,NA,NA,1,2,3,4,0,0,0,0
30,2,0,1,0,NA,NA,NA,1,2,3,4,0,0,0,0
30,4,1,1,1,1,0,NA,2,3,4,5,0,0,1,1
30,2,0,1,0,NA,NA,NA,2,3,4,5,0,0,0,0
30,2,1,1,0,NA,NA,NA,2,3,4,5,0,0,0,0
30,3,0,1,1,0,NA,NA,2,3,4,5,0,0,0,0
30,5,1,1,1,1,1,1,2,3,4,5,0,0,0,0
30,5,0,1,1,1,1,0,2,3,4,5,0,0,0,0
30,4,1,1,1,1,0,NA,2,3,4,5,0,0,0,0
30,2,0,1,0,NA,NA,NA,2,3,4,5,0,0,0,0
30,3,1,1,1,0,NA,NA,2,3,4,5,0,0,0,0
30,5,0,1,1,1,1,1,2,3,4,5,0,0,0,0
30,4,0,1,1,1,0,NA,2,3,4,5,0,0,0,0
30,5,1,1,1,1,1,0,2,3,4,5,0,0,0,0
30,3,1,1,1,0,NA,NA,2,3,4,5,0,0,0,0
30,2,0,1,0,NA,NA,NA,2,3,4,5,0,0,0,0
30,2,1,1,0,NA,NA,NA,2,3,4,5,0,0,0,0
31,3,1,1,1,0,NA,NA,1,2,3,4,0,0,0,0
31,5,0,1,1,1,1,0,1,2,3,4,0,0,0,0
31,4,1,1,1,1,0,NA,1,2,3,4,0,0,0,0
31,4,0,1,1,1,0,NA,1,2,3,4,0,0,0,0
31,4,1,1,1,1,0,NA,1,2,3,4,0,0,0,0
31,5,0,1,1,1,1,1,1,2,3,4,0,0,0,0
31,3,1,1,1,0,NA,NA,1,2,3,4,0,0,0,0
31,5,0,1,1,1,1,1,1,2,3,4,0,0,0,0
31,5,1,1,1,1,1,1,1,2,3,4,0,0,0,0
31,5,0,1,1,1,1,1,1,2,3,4,0,0,0,0
31,5,1,1,1,1,1,1,1,2,3,4,0,0,0,0
31,5,0,1,1,1,1,1,1,2,3,4,0,0,0,0
31,2,0,1,0,NA,NA,NA,1,2,3,4,0,0,0,0
31,5,0,1,1,1,1,1,1,2,3,4,0,0,0,0
31,2,1,1,0,NA,NA,NA,2,3,4,5,0,0,0,0
31,4,0,1,1,1,0,NA,2,3,4,5,0,0,0,0
31,5,1,1,1,1,1,1,2,3,4,5,0,0,0,0
31,3,0,1,1,0,NA,NA,2,3,4,5,0,0,0,0
31,5,1,1,1,1,1,1,2,3,4,5,0,0,0,0
31,4,0,1,1,1,0,NA,2,3,4,5,0,0,0,0
31,2,1,1,0,NA,NA,NA,2,3,4,5,0,0,0,0
31,5,1,1,1,1,1,1,2,3,4,5,0,0,0,0
31,2,0,1,0,NA,NA,NA,2,3,4,5,0,0,0,0
31,4,0,1,1,1,0,NA,2,3,4,5,0,0,0,0
31,5,1,1,1,1,1,1,2,3,4,5,0,0,0,0
31,3,0,1,1,0,NA,NA,2,3,4,5,0,0,0,0
31,2,1,1,0,NA,NA,NA,2,3,4,5,0,0,0,0
32,4,0,1,1,1,0,NA,1,2,3,4,0,0,0,0
32,5,1,1,1,1,1,1,1,2,3,4,0,0,0,0
32,5,0,1,1,1,1,1,1,2,3,4,0,0,0,0
32,2,1,1,0,NA,NA,NA,1,2,3,4,0,0,0,0
32,4,0,1,1,1,0,NA,1,2,3,4,0,0,0,0
32,2,0,1,0,NA,NA,NA,1,2,3,4,0,0,0,0
32,2,1,1,0,NA,NA,NA,1,2,3,4,0,0,0,0
32,2,0,1,0,NA,NA,NA,1,2,3,4,0,0,0,0
32,5,0,1,1,1,1,1,1,2,3,4,0,0,0,0
32,3,0,1,1,0,NA,NA,1,2,3,4,0,0,0,0
32,5,1,1,1,1,1,0,2,3,4,5,0,0,0,0
32,5,0,1,1,1,1,1,2,3,4,5,0,0,0,0
32,5,1,1,1,1,1,1,2,3,4,5,0,0,0,0
32,2,0,1,0,NA,NA,NA,2,3,4,5,0,0,0,0
32,3,1,1,1,0,NA,NA,2,3,4,5,0,0,0,0
32,2,0,1,0,NA,NA,NA,2,3,4,5,0,0,0,0
32,5,1,1,1,1,1,1,2,3,4,5,0,0,0,0
32,2,0,1,0,NA,NA,NA,2,3,4,5,0,0,0,0
32,2,1,1,0,NA,NA,NA,2,3,4,5,0,0,0,0
32,3,0,1,1,0,NA,NA,2,3,4,5,0,0,0,0
32,2,1,1,0,NA,NA,NA,2,3,4,5,0,0,0,0
32,2,0,1,0,NA,NA,NA,2,3,4,5,0,0,0,0
32,2,1,1,0,NA,NA,NA,2,3,4,5,0,0,0,0
32,2,0,1,0,NA,NA,NA,2,3,4,5,0,0,0,0
32,3,1,1,1,0,NA,NA,2,3,4,5,0,0,0,0
51,4,0,1,1,1,0,NA,1,2,3,4,0,0,0,0
51,4,0,1,1,1,0,NA,1,2,3,4,0,0,0,0
51,3,1,1,1,0,NA,NA,1,2,3,4,0,0,0,0
51,5,0,1,1,1,1,0,1,2,3,4,0,0,0,0
51,3,0,1,1,0,NA,NA,1,2,3,4,0,0,0,0
51,3,0,1,1,0,NA,NA,1,2,3,4,0,0,0,0
51,2,0,1,0,NA,NA,NA,1,2,3,4,0,0,0,0
51,5,1,1,1,1,1,1,2,3,4,5,0,0,0,0
51,4,1,1,1,1,0,NA,2,3,4,5,0,0,0,0
51,5,1,1,1,1,1,1,2,3,4,5,0,0,0,0
51,3,1,1,1,0,NA,NA,2,3,4,5,0,0,0,0
51,2,1,1,0,NA,NA,NA,2,3,4,5,0,0,0,0
51,2,1,1,0,NA,NA,NA,2,3,4,5,0,0,0,0
51,2,1,1,0,NA,NA,NA,2,3,4,5,0,0,0,0
52,4,0,1,1,1,0,NA,1,2,3,4,0,0,0,0
52,5,0,1,1,1,1,1,1,2,3,4,0,0,0,0
52,3,0,1,1,0,NA,NA,1,2,3,4,0,0,0,0
52,5,0,1,1,1,1,1,1,2,3,4,0,0,0,0
52,2,0,1,0,NA,NA,NA,1,2,3,4,0,0,0,0
52,5,0,1,1,1,1,1,1,2,3,4,0,0,0,0
52,5,0,1,1,1,1,1,1,2,3,4,0,0,0,0
52,5,1,1,1,1,1,1,2,3,4,5,0,0,0,0
52,4,1,1,1,1,0,NA,2,3,4,5,0,0,0,0
52,5,1,1,1,1,1,1,2,3,4,5,0,0,0,0
52,2,1,1,0,NA,NA,NA,2,3,4,5,0,0,0,0
52,5,1,1,1,1,1,0,2,3,4,5,0,0,0,0
52,5,1,1,1,1,1,1,2,3,4,5,0,0,0,0
52,4,1,1,1,1,0,NA,2,3,4,5,0,0,0,0
52,2,1,1,0,NA,NA,NA,2,3,4,5,0,0,0,0
33,2,1,1,0,NA,NA,NA,1,2,3,4,0,0,0,0
33,5,1,1,1,1,1,1,1,2,3,4,0,0,0,0
33,2,1,1,0,NA,NA,NA,1,2,3,4,0,0,0,0
33,5,1,1,1,1,1,1,1,2,3,4,0,0,0,0
33,5,1,1,1,1,1,1,1,2,3,4,0,0,0,0
33,5,1,1,1,1,1,1,1,2,3,4,0,0,0,0
33,2,0,1,0,NA,NA,NA,1,2,3,4,0,0,0,0
33,2,0,1,0,NA,NA,NA,1,2,3,4,0,0,0,0
33,5,1,1,1,1,1,1,2,3,4,5,0,0,0,0
33,5,0,1,1,1,1,1,2,3,4,5,0,0,0,0
33,5,1,1,1,1,1,1,2,3,4,5,0,0,0,0
33,5,1,1,1,1,1,1,2,3,4,5,0,0,0,0
33,2,0,1,0,NA,NA,NA,2,3,4,5,0,0,0,0
33,5,1,1,1,1,1,1,2,3,4,5,0,0,0,0
33,2,0,1,0,NA,NA,NA,2,3,4,5,0,0,0,0
33,5,1,1,1,1,1,1,2,3,4,5,0,0,0,0
33,5,1,1,1,1,1,1,2,3,4,5,0,0,0,0
33,5,0,1,1,1,1,1,2,3,4,5,0,0,0,0
33,5,1,1,1,1,1,1,2,3,4,5,0,0,0,0
33,4,1,1,1,1,0,NA,2,3,4,5,0,0,0,0
34,2,1,1,0,NA,NA,NA,1,2,3,4,0,0,0,0
34,2,0,1,0,NA,NA,NA,1,2,3,4,0,0,0,0
34,2,1,1,0,NA,NA,NA,1,2,3,4,0,0,0,0
34,2,0,1,0,NA,NA,NA,1,2,3,4,0,0,0,0
34,2,1,1,0,NA,NA,NA,1,2,3,4,0,0,0,0
34,2,0,1,0,NA,NA,NA,1,2,3,4,0,0,0,0
34,2,1,1,0,NA,NA,NA,1,2,3,4,0,0,0,0
34,2,0,1,0,NA,NA,NA,1,2,3,4,0,0,0,0
34,2,0,1,0,NA,NA,NA,1,2,3,4,0,0,0,0
34,2,1,1,0,NA,NA,NA,1,2,3,4,0,0,0,0
34,2,0,1,0,NA,NA,NA,1,2,3,4,0,0,0,0
34,2,1,1,0,NA,NA,NA,1,2,3,4,0,0,0,0
34,2,0,1,0,NA,NA,NA,1,2,3,4,0,0,0,0
34,2,1,1,0,NA,NA,NA,1,2,3,4,0,0,0,0
34,2,0,1,0,NA,NA,NA,1,2,3,4,0,0,0,0
34,2,0,1,0,NA,NA,NA,1,2,3,4,0,0,0,0
34,2,0,1,0,NA,NA,NA,1,2,3,4,0,0,0,0
34,2,0,1,0,NA,NA,NA,1,2,3,4,0,0,0,0
34,2,0,1,0,NA,NA,NA,1,2,3,4,0,0,0,0
34,2,0,1,0,NA,NA,NA,1,2,3,4,0,0,0,0
34,2,0,1,0,NA,NA,NA,1,2,3,4,0,0,0,0
34,2,1,1,0,NA,NA,NA,2,3,4,5,0,0,0,0
34,2,0,1,0,NA,NA,NA,2,3,4,5,0,0,0,0
34,2,1,1,0,NA,NA,NA,2,3,4,5,0,0,0,0
34,5,1,1,1,1,1,0,2,3,4,5,0,0,0,0
34,2,0,1,0,NA,NA,NA,2,3,4,5,0,0,0,0
34,2,1,1,0,NA,NA,NA,2,3,4,5,0,0,0,0
34,2,0,1,0,NA,NA,NA,2,3,4,5,0,0,0,0
34,2,1,1,0,NA,NA,NA,2,3,4,5,0,0,0,0
34,2,0,1,0,NA,NA,NA,2,3,4,5,0,0,0,0
34,2,1,1,0,NA,NA,NA,2,3,4,5,0,0,0,0
34,2,1,1,0,NA,NA,NA,2,3,4,5,0,0,0,0
34,3,1,1,1,0,NA,NA,2,3,4,5,0,0,0,0
35,5,1,1,1,1,1,1,1,2,3,4,0,0,0,0
35,5,1,1,1,1,1,1,1,2,3,4,0,0,0,0
35,2,1,1,0,NA,NA,NA,1,2,3,4,0,0,0,0
35,3,1,1,1,0,NA,NA,1,2,3,4,0,0,0,0
35,5,1,1,1,1,1,0,1,2,3,4,0,0,0,0
35,2,0,1,0,NA,NA,NA,1,2,3,4,0,0,0,0
35,2,1,1,0,NA,NA,NA,1,2,3,4,0,0,0,0
35,2,0,1,0,NA,NA,NA,1,2,3,4,0,0,0,0
35,2,0,1,0,NA,NA,NA,1,2,3,4,0,0,0,0
35,2,0,1,0,NA,NA,NA,1,2,3,4,0,0,0,0
35,2,0,1,0,NA,NA,NA,1,2,3,4,0,0,0,0
35,2,0,1,0,NA,NA,NA,1,2,3,4,0,0,0,0
35,5,1,1,1,1,1,1,2,3,4,5,0,0,0,0
35,2,0,1,0,NA,NA,NA,2,3,4,5,0,0,0,0
35,2,1,1,0,NA,NA,NA,2,3,4,5,0,0,0,0
35,3,1,1,1,0,NA,NA,2,3,4,5,0,0,0,0
35,2,1,1,0,NA,NA,NA,2,3,4,5,0,0,0,0
35,2,0,1,0,NA,NA,NA,2,3,4,5,0,0,0,0
35,5,1,1,1,1,1,1,2,3,4,5,0,0,0,0
35,2,0,1,0,NA,NA,NA,2,3,4,5,0,0,0,0
35,5,1,1,1,1,1,1,2,3,4,5,0,0,0,0
35,2,0,1,0,NA,NA,NA,2,3,4,5,0,0,0,0
35,4,1,1,1,1,0,NA,2,3,4,5,0,0,0,0
36,5,1,1,1,1,1,1,1,2,3,4,0,0,0,0
36,2,0,1,0,NA,NA,NA,1,2,3,4,0,0,0,0
36,3,1,1,1,0,NA,NA,1,2,3,4,0,0,0,0
36,2,0,1,0,NA,NA,NA,1,2,3,4,0,0,0,0
36,3,1,1,1,0,NA,NA,1,2,3,4,0,0,0,0
36,2,1,1,0,NA,NA,NA,1,2,3,4,0,0,0,0
36,3,1,1,1,0,NA,NA,1,2,3,4,0,0,0,0
36,5,0,1,1,1,1,1,1,2,3,4,0,0,0,0
36,5,1,1,1,1,1,1,1,2,3,4,0,0,0,0
36,2,0,1,0,NA,NA,NA,1,2,3,4,0,0,0,0
36,3,1,1,1,0,NA,NA,1,2,3,4,0,0,0,0
36,2,0,1,0,NA,NA,NA,1,2,3,4,0,0,0,0
36,2,0,1,0,NA,NA,NA,1,2,3,4,0,0,0,0
36,2,0,1,0,NA,NA,NA,1,2,3,4,0,0,0,0
36,2,0,1,0,NA,NA,NA,1,2,3,4,0,0,0,0
36,2,0,1,0,NA,NA,NA,1,2,3,4,0,0,0,0
36,2,0,1,0,NA,NA,NA,1,2,3,4,0,0,0,0
36,2,0,1,0,NA,NA,NA,1,2,3,4,0,0,0,0
36,5,1,1,1,1,1,1,2,3,4,5,0,0,0,0
36,3,0,1,1,0,NA,NA,2,3,4,5,0,0,0,0
36,5,1,1,1,1,1,1,1,2,3,4,0,1,1,1
36,3,0,1,1,0,NA,NA,1,2,3,4,0,0,0,0
36,3,1,1,1,0,NA,NA,1,2,3,4,0,0,0,0
36,2,0,1,0,NA,NA,NA,1,2,3,4,0,0,0,0
36,5,1,1,1,1,1,1,1,2,3,4,0,0,0,0
36,2,0,1,0,NA,NA,NA,1,2,3,4,0,0,0,0
36,2,1,1,0,NA,NA,NA,2,3,4,5,0,0,0,0
36,2,0,1,0,NA,NA,NA,2,3,4,5,0,0,0,0
36,5,1,1,1,1,1,1,2,3,4,5,0,0,0,0
36,2,0,1,0,NA,NA,NA,2,3,4,5,0,0,0,0
36,5,1,1,1,1,1,1,2,3,4,5,0,0,0,0
37,2,1,1,0,NA,NA,NA,1,2,3,4,0,0,0,0
37,2,1,1,0,NA,NA,NA,1,2,3,4,0,0,0,0
37,4,0,1,1,1,0,NA,1,2,3,4,0,0,0,0
37,5,1,1,1,1,1,1,2,3,4,5,0,0,0,0
37,5,0,1,1,1,1,1,2,3,4,5,0,0,0,0
37,5,1,1,1,1,1,1,2,3,4,5,0,0,0,0
37,5,0,1,1,1,1,1,2,3,4,5,0,0,0,0
37,5,1,1,1,1,1,1,2,3,4,5,0,0,0,0
37,2,0,1,0,NA,NA,NA,2,3,4,5,0,0,0,0
37,5,1,1,1,1,1,1,2,3,4,5,0,0,0,0
37,5,0,1,1,1,1,1,2,3,4,5,0,0,0,0
37,5,1,1,1,1,1,1,2,3,4,5,0,0,0,0
37,5,1,1,1,1,1,1,2,3,4,5,0,0,0,0
37,4,0,1,1,1,0,NA,2,3,4,5,0,0,0,0
37,5,1,1,1,1,1,1,2,3,4,5,0,0,0,0
37,5,0,1,1,1,1,1,2,3,4,5,0,0,0,0
37,5,1,1,1,1,1,1,2,3,4,5,0,0,0,0
38,2,1,1,0,NA,NA,NA,1,2,3,4,0,0,0,0
38,2,0,1,0,NA,NA,NA,1,2,3,4,0,0,0,0
38,2,1,1,0,NA,NA,NA,1,2,3,4,0,0,0,0
38,3,1,1,1,0,NA,NA,1,2,3,4,0,0,0,0
38,2,1,1,0,NA,NA,NA,1,2,3,4,0,0,0,0
38,2,1,1,0,NA,NA,NA,1,2,3,4,0,0,0,0
38,2,0,1,0,NA,NA,NA,1,2,3,4,0,0,0,0
38,2,0,1,0,NA,NA,NA,1,2,3,4,0,0,0,0
38,2,0,1,0,NA,NA,NA,2,3,4,5,0,0,0,0
38,5,1,1,1,1,1,1,2,3,4,5,0,0,0,0
38,5,1,1,1,1,1,1,2,3,4,5,0,0,0,0
38,2,0,1,0,NA,NA,NA,2,3,4,5,0,0,0,0
38,2,1,1,0,NA,NA,NA,2,3,4,5,0,0,0,0
38,5,1,1,1,1,1,1,2,3,4,5,0,0,0,0
38,2,0,1,0,NA,NA,NA,2,3,4,5,0,0,0,0
38,3,0,1,1,0,NA,NA,2,3,4,5,0,0,0,0
38,2,0,1,0,NA,NA,NA,2,3,4,5,0,0,0,0
38,2,1,1,0,NA,NA,NA,2,3,4,5,0,0,0,0
38,4,0,1,1,1,0,NA,2,3,4,5,0,0,0,0
38,2,1,1,0,NA,NA,NA,2,3,4,5,0,0,0,0
39,5,1,1,1,1,1,1,1,2,3,4,0,0,0,0
39,2,1,1,0,NA,NA,NA,1,2,3,4,0,0,0,0
39,5,1,1,1,1,1,1,1,2,3,4,0,0,0,0
39,2,0,1,0,NA,NA,NA,1,2,3,4,0,0,0,0
39,2,0,1,0,NA,NA,NA,1,2,3,4,0,0,0,0
39,2,0,1,0,NA,NA,NA,1,2,3,4,0,0,0,0
39,2,0,1,0,NA,NA,NA,1,2,3,4,0,0,0,0
39,2,0,1,0,NA,NA,NA,1,2,3,4,0,0,0,0
39,3,0,1,1,0,NA,NA,1,2,3,4,0,0,0,0
39,2,0,1,0,NA,NA,NA,1,2,3,4,0,0,0,0
39,2,0,1,0,NA,NA,NA,1,2,3,4,0,0,0,0
39,2,0,1,0,NA,NA,NA,1,2,3,4,0,0,0,0
39,2,0,1,0,NA,NA,NA,1,2,3,4,0,0,0,0
39,3,1,1,1,0,NA,NA,2,3,4,5,0,0,0,0
39,2,0,1,0,NA,NA,NA,2,3,4,5,0,0,0,0
39,4,1,1,1,1,0,NA,2,3,4,5,0,0,0,0
39,5,0,1,1,1,1,1,2,3,4,5,0,0,0,0
39,2,1,1,0,NA,NA,NA,2,3,4,5,0,0,0,0
39,5,0,1,1,1,1,1,2,3,4,5,0,0,0,0
39,5,1,1,1,1,1,1,2,3,4,5,0,0,0,0
39,2,0,1,0,NA,NA,NA,2,3,4,5,0,0,0,0
39,5,1,1,1,1,1,1,2,3,4,5,0,0,0,0
39,5,1,1,1,1,1,1,2,3,4,5,0,0,0,0
39,5,0,1,1,1,1,1,2,3,4,5,0,0,0,0
39,2,1,1,0,NA,NA,NA,2,3,4,5,0,0,0,0
39,2,0,1,0,NA,NA,NA,2,3,4,5,0,0,0,0
39,5,1,1,1,1,1,1,2,3,4,5,0,0,0,0
40,5,1,1,1,1,1,1,1,2,3,4,0,0,0,0
40,2,0,1,0,NA,NA,NA,1,2,3,4,0,0,0,0
40,5,1,1,1,1,1,1,1,2,3,4,0,0,0,0
40,2,0,1,0,NA,NA,NA,1,2,3,4,0,0,0,0
40,2,1,1,0,NA,NA,NA,1,2,3,4,0,0,0,0
40,2,0,1,0,NA,NA,NA,1,2,3,4,0,0,0,0
40,2,1,1,0,NA,NA,NA,1,2,3,4,0,0,0,0
40,2,0,1,0,NA,NA,NA,1,2,3,4,0,0,0,0
40,5,1,1,1,1,1,1,1,2,3,4,0,0,0,0
40,2,0,1,0,NA,NA,NA,1,2,3,4,0,0,0,0
40,2,0,1,0,NA,NA,NA,1,2,3,4,0,0,0,0
40,2,1,1,0,NA,NA,NA,2,3,4,5,0,0,0,0
40,2,0,1,0,NA,NA,NA,2,3,4,5,0,0,0,0
40,5,1,1,1,1,1,1,2,3,4,5,0,0,0,0
40,2,0,1,0,NA,NA,NA,2,3,4,5,0,0,0,0
40,5,1,1,1,1,1,1,2,3,4,5,0,0,0,0
40,3,0,1,1,0,NA,NA,2,3,4,5,0,0,0,0
40,2,1,1,0,NA,NA,NA,2,3,4,5,0,0,0,0
40,2,0,1,0,NA,NA,NA,2,3,4,5,0,0,0,0
40,2,1,1,0,NA,NA,NA,2,3,4,5,0,0,0,0
40,2,0,1,0,NA,NA,NA,2,3,4,5,0,0,0,0
40,2,1,1,0,NA,NA,NA,2,3,4,5,0,0,0,0
41,2,0,1,0,NA,NA,NA,1,2,3,4,0,0,0,0
41,2,1,1,0,NA,NA,NA,1,2,3,4,0,0,0,0
41,2,1,1,0,NA,NA,NA,1,2,3,4,0,0,0,0
41,2,1,1,0,NA,NA,NA,1,2,3,4,0,0,0,0
41,2,0,1,0,NA,NA,NA,1,2,3,4,0,0,0,0
41,5,0,1,1,1,1,0,1,2,3,4,0,0,0,0
41,2,1,1,0,NA,NA,NA,1,2,3,4,0,0,0,0
41,5,0,1,1,1,1,0,1,2,3,4,0,0,0,0
41,2,1,1,0,NA,NA,NA,1,2,3,4,0,0,0,0
41,2,0,1,0,NA,NA,NA,1,2,3,4,0,0,0,0
41,2,1,1,0,NA,NA,NA,1,2,3,4,0,0,0,0
41,2,0,1,0,NA,NA,NA,1,2,3,4,0,0,0,0
41,2,0,1,0,NA,NA,NA,1,2,3,4,0,0,0,0
41,2,0,1,0,NA,NA,NA,1,2,3,4,0,0,0,0
41,2,0,1,0,NA,NA,NA,1,2,3,4,0,0,0,0
41,5,1,1,1,1,1,1,2,3,4,5,0,0,0,0
41,2,0,1,0,NA,NA,NA,2,3,4,5,0,0,0,0
41,3,1,1,1,0,NA,NA,2,3,4,5,0,0,0,0
41,2,0,1,0,NA,NA,NA,2,3,4,5,0,0,0,0
41,3,1,1,1,0,NA,NA,2,3,4,5,0,0,0,0
41,2,0,1,0,NA,NA,NA,2,3,4,5,0,0,0,0
41,5,1,1,1,1,1,1,2,3,4,5,0,0,0,0
41,2,0,1,0,NA,NA,NA,2,3,4,5,0,0,0,0
41,3,1,1,1,0,NA,NA,2,3,4,5,0,0,1,1
41,2,0,1,0,NA,NA,NA,2,3,4,5,0,0,0,0
41,2,1,1,0,NA,NA,NA,2,3,4,5,0,0,0,0
41,2,0,1,0,NA,NA,NA,2,3,4,5,0,0,0,0
41,2,1,1,0,NA,NA,NA,2,3,4,5,0,0,0,0
41,5,0,1,1,1,1,1,2,3,4,5,0,0,0,0
41,2,1,1,0,NA,NA,NA,2,3,4,5,0,0,0,0
42,2,1,1,0,NA,NA,NA,1,2,3,4,0,0,0,0
42,2,0,1,0,NA,NA,NA,1,2,3,4,0,0,0,0
42,2,1,1,0,NA,NA,NA,1,2,3,4,0,0,0,0
42,2,0,1,0,NA,NA,NA,1,2,3,4,0,0,0,0
42,2,1,1,0,NA,NA,NA,1,2,3,4,0,0,0,0
42,3,0,1,1,0,NA,NA,1,2,3,4,0,0,0,0
42,4,1,1,1,1,0,NA,1,2,3,4,0,0,0,0
42,2,0,1,0,NA,NA,NA,1,2,3,4,0,0,0,0
42,2,1,1,0,NA,NA,NA,1,2,3,4,0,0,0,0
42,2,0,1,0,NA,NA,NA,1,2,3,4,0,0,0,0
42,2,1,1,0,NA,NA,NA,1,2,3,4,0,0,0,0
42,3,0,1,1,0,NA,NA,1,2,3,4,0,0,0,0
42,2,1,1,0,NA,NA,NA,1,2,3,4,0,0,0,0
42,2,0,1,0,NA,NA,NA,1,2,3,4,0,0,0,0
42,2,0,1,0,NA,NA,NA,1,2,3,4,0,0,0,0
42,2,0,1,0,NA,NA,NA,1,2,3,4,0,0,0,0
42,2,0,1,0,NA,NA,NA,1,2,3,4,0,0,0,0
42,3,0,1,1,0,NA,NA,1,2,3,4,0,0,0,0
42,3,0,1,1,0,NA,NA,1,2,3,4,0,0,0,0
42,2,1,1,0,NA,NA,NA,2,3,4,5,0,0,0,0
42,5,0,1,1,1,1,0,2,3,4,5,0,0,0,1
42,5,1,1,1,1,1,1,2,3,4,5,0,0,0,0
42,2,0,1,0,NA,NA,NA,2,3,4,5,0,0,0,0
42,5,1,1,1,1,1,1,2,3,4,5,0,0,0,0
42,3,0,1,1,0,NA,NA,2,3,4,5,0,0,0,0
42,3,1,1,1,0,NA,NA,2,3,4,5,0,0,0,0
42,2,0,1,0,NA,NA,NA,2,3,4,5,0,0,0,0
42,2,1,1,0,NA,NA,NA,2,3,4,5,0,0,0,0
42,5,0,1,1,1,1,1,2,3,4,5,0,0,0,0
42,3,1,1,1,0,NA,NA,2,3,4,5,0,0,0,0
42,5,1,1,1,1,1,1,2,3,4,5,0,0,0,0
42,2,0,1,0,NA,NA,NA,2,3,4,5,0,0,0,0
42,2,1,1,0,NA,NA,NA,2,3,4,5,0,0,0,0
43,2,1,1,0,NA,NA,NA,1,2,3,4,0,0,0,0
43,3,1,1,1,0,NA,NA,1,2,3,4,0,0,0,0
43,2,0,1,0,NA,NA,NA,1,2,3,4,0,0,0,0
43,2,1,1,0,NA,NA,NA,1,2,3,4,0,0,0,0
43,5,0,1,1,1,1,1,1,2,3,4,0,0,0,0
43,5,0,1,1,1,1,1,1,2,3,4,0,0,0,0
43,2,0,1,0,NA,NA,NA,1,2,3,4,0,0,0,0
43,3,0,1,1,0,NA,NA,1,2,3,4,0,0,0,0
43,2,0,1,0,NA,NA,NA,1,2,3,4,0,0,0,0
43,3,0,1,1,0,NA,NA,1,2,3,4,0,0,0,0
43,2,0,1,0,NA,NA,NA,1,2,3,4,0,0,0,0
43,2,0,1,0,NA,NA,NA,1,2,3,4,0,0,0,0
43,2,1,1,0,NA,NA,NA,2,3,4,5,0,0,0,0
43,5,0,1,1,1,1,1,2,3,4,5,0,0,0,0
43,4,1,1,1,1,0,NA,2,3,4,5,0,0,0,0
43,4,0,1,1,1,0,NA,2,3,4,5,0,0,0,0
43,5,1,1,1,1,1,1,2,3,4,5,0,0,0,0
43,2,0,1,0,NA,NA,NA,2,3,4,5,0,0,0,0
43,2,1,1,0,NA,NA,NA,2,3,4,5,0,0,0,0
43,2,0,1,0,NA,NA,NA,2,3,4,5,0,0,0,0
43,4,1,1,1,1,0,NA,2,3,4,5,0,0,0,0
43,5,1,1,1,1,1,1,2,3,4,5,0,0,0,0
43,3,0,1,1,0,NA,NA,2,3,4,5,0,0,0,0
43,3,1,1,1,0,NA,NA,2,3,4,5,0,0,0,0
43,5,0,1,1,1,1,1,2,3,4,5,0,0,0,0
43,3,1,1,1,0,NA,NA,2,3,4,5,0,0,1,1
44,2,1,1,0,NA,NA,NA,1,2,3,4,0,0,0,0
44,2,0,1,0,NA,NA,NA,1,2,3,4,0,0,0,0
44,5,1,1,1,1,1,1,1,2,3,4,0,0,0,0
44,2,0,1,0,NA,NA,NA,1,2,3,4,0,0,0,0
44,5,0,1,1,1,1,1,1,2,3,4,0,0,0,0
44,3,1,1,1,0,NA,NA,1,2,3,4,0,0,0,0
44,2,0,1,0,NA,NA,NA,1,2,3,4,0,0,0,0
44,5,1,1,1,1,1,0,1,2,3,4,0,0,0,0
44,2,0,1,0,NA,NA,NA,1,2,3,4,0,0,0,0
44,2,1,1,0,NA,NA,NA,1,2,3,4,0,0,0,0
44,2,1,1,0,NA,NA,NA,1,2,3,4,0,0,0,0
44,4,1,1,1,1,0,NA,1,2,3,4,0,0,1,1
44,2,0,1,0,NA,NA,NA,1,2,3,4,0,0,0,0
44,2,0,1,0,NA,NA,NA,1,2,3,4,0,0,0,0
44,2,0,1,0,NA,NA,NA,1,2,3,4,0,0,0,0
44,2,0,1,0,NA,NA,NA,1,2,3,4,0,0,0,0
44,2,0,1,0,NA,NA,NA,1,2,3,4,0,0,0,0
44,2,0,1,0,NA,NA,NA,1,2,3,4,0,0,0,0
44,2,1,1,0,NA,NA,NA,2,3,4,5,0,0,0,0
44,2,0,1,0,NA,NA,NA,2,3,4,5,0,0,0,0
44,5,1,1,1,1,1,1,2,3,4,5,0,0,0,0
44,3,0,1,1,0,NA,NA,2,3,4,5,0,0,1,1
44,5,1,1,1,1,1,1,2,3,4,5,0,0,0,0
44,2,0,1,0,NA,NA,NA,2,3,4,5,0,0,0,0
44,2,1,1,0,NA,NA,NA,2,3,4,5,0,0,0,0
44,2,0,1,0,NA,NA,NA,2,3,4,5,0,0,0,0
44,5,1,1,1,1,1,0,2,3,4,5,0,0,0,0
44,2,0,1,0,NA,NA,NA,2,3,4,5,0,0,0,0
44,4,1,1,1,1,0,NA,2,3,4,5,0,0,0,0
44,2,0,1,0,NA,NA,NA,2,3,4,5,0,0,0,0
44,3,1,1,1,0,NA,NA,2,3,4,5,0,0,0,0
44,2,0,1,0,NA,NA,NA,2,3,4,5,0,0,0,0
44,5,1,1,1,1,1,1,2,3,4,5,0,0,0,0
45,5,1,1,1,1,1,1,1,2,3,4,0,0,0,0
45,2,0,1,0,NA,NA,NA,1,2,3,4,0,0,0,0
45,2,0,1,0,NA,NA,NA,1,2,3,4,0,0,0,0
45,5,1,1,1,1,1,1,1,2,3,4,0,0,0,0
45,5,0,1,1,1,1,1,1,2,3,4,0,0,0,0
45,2,1,1,0,NA,NA,NA,1,2,3,4,0,0,0,0
45,3,0,1,1,0,NA,NA,1,2,3,4,0,0,0,0
45,5,0,1,1,1,1,1,1,2,3,4,0,1,1,1
45,5,1,1,1,1,1,1,1,2,3,4,0,0,0,0
45,5,1,1,1,1,1,1,1,2,3,4,0,0,0,0
45,2,0,1,0,NA,NA,NA,1,2,3,4,0,0,0,0
45,4,1,1,1,1,0,NA,1,2,3,4,0,0,0,1
45,5,0,1,1,1,1,1,1,2,3,4,0,0,0,1
45,5,0,1,1,1,1,1,1,2,3,4,0,0,0,0
45,2,0,1,0,NA,NA,NA,1,2,3,4,0,0,0,0
45,2,0,1,0,NA,NA,NA,1,2,3,4,0,0,0,0
45,5,0,1,1,1,1,1,1,2,3,4,0,0,0,0
45,5,0,1,1,1,1,1,1,2,3,4,0,0,0,1
45,5,0,1,1,1,1,1,1,2,3,4,0,0,0,0
45,5,0,1,1,1,1,1,1,2,3,4,0,0,1,1
45,5,0,1,1,1,1,1,1,2,3,4,0,0,0,0
45,5,1,1,1,1,1,1,2,3,4,5,0,0,0,0
45,5,0,1,1,1,1,1,2,3,4,5,0,0,0,0
45,5,0,1,1,1,1,1,2,3,4,5,0,0,0,0
45,5,1,1,1,1,1,1,2,3,4,5,0,0,0,0
45,5,0,1,1,1,1,1,2,3,4,5,0,0,0,0
45,5,0,1,1,1,1,1,2,3,4,5,0,0,0,0
45,5,1,1,1,1,1,1,2,3,4,5,0,0,0,0
45,3,0,1,1,0,NA,NA,2,3,4,5,0,0,0,0
45,5,1,1,1,1,1,1,2,3,4,5,0,0,0,0
45,5,0,1,1,1,1,1,2,3,4,5,0,0,0,0
45,5,1,1,1,1,1,1,2,3,4,5,0,0,0,0
45,5,0,1,1,1,1,1,2,3,4,5,0,0,0,0
45,5,0,1,1,1,1,0,2,3,4,5,0,0,0,0
45,2,0,1,0,NA,NA,NA,2,3,4,5,0,0,0,0
45,5,1,1,1,1,1,1,2,3,4,5,0,0,0,0
46,2,1,1,0,NA,NA,NA,1,2,3,4,0,0,0,0
46,2,0,1,0,NA,NA,NA,1,2,3,4,0,0,0,0
46,5,1,1,1,1,1,0,1,2,3,4,0,0,0,0
46,2,0,1,0,NA,NA,NA,1,2,3,4,0,0,0,0
46,5,1,1,1,1,1,1,1,2,3,4,0,0,0,0
46,2,0,1,0,NA,NA,NA,1,2,3,4,0,0,0,0
46,2,0,1,0,NA,NA,NA,1,2,3,4,0,0,0,0
46,2,0,1,0,NA,NA,NA,1,2,3,4,0,0,0,0
46,5,1,1,1,1,1,1,1,2,3,4,0,0,0,0
46,2,0,1,0,NA,NA,NA,1,2,3,4,0,0,0,0
46,2,1,1,0,NA,NA,NA,1,2,3,4,0,0,0,0
46,5,0,1,1,1,1,1,1,2,3,4,0,0,1,1
46,2,1,1,0,NA,NA,NA,1,2,3,4,0,0,0,0
46,2,0,1,0,NA,NA,NA,1,2,3,4,0,0,0,0
46,2,0,1,0,NA,NA,NA,1,2,3,4,0,0,0,0
46,2,0,1,0,NA,NA,NA,1,2,3,4,0,0,0,0
46,2,0,1,0,NA,NA,NA,1,2,3,4,0,0,0,0
46,2,0,1,0,NA,NA,NA,1,2,3,4,0,0,0,0
46,2,0,1,0,NA,NA,NA,1,2,3,4,0,0,0,0
46,5,0,1,1,1,1,1,1,2,3,4,0,0,0,0
46,2,0,1,0,NA,NA,NA,1,2,3,4,0,0,0,0
46,5,1,1,1,1,1,1,1,2,3,4,0,0,0,0
46,5,1,1,1,1,1,1,2,3,4,5,0,0,0,0
46,2,0,1,0,NA,NA,NA,2,3,4,5,0,0,0,0
46,4,1,1,1,1,0,NA,2,3,4,5,0,0,0,0
46,3,0,1,1,0,NA,NA,2,3,4,5,0,0,0,0
46,5,1,1,1,1,1,1,2,3,4,5,0,0,0,0
46,2,0,1,0,NA,NA,NA,2,3,4,5,0,0,0,0
46,5,1,1,1,1,1,1,2,3,4,5,0,0,0,0
46,5,0,1,1,1,1,0,2,3,4,5,0,0,0,0
46,4,1,1,1,1,0,NA,2,3,4,5,0,0,0,0
46,2,0,1,0,NA,NA,NA,2,3,4,5,0,0,0,0
46,4,1,1,1,1,0,NA,2,3,4,5,0,0,0,0
46,3,0,1,1,0,NA,NA,2,3,4,5,0,0,0,0
46,3,1,1,1,0,NA,NA,2,3,4,5,0,0,0,0
46,5,0,1,1,1,1,1,2,3,4,5,0,0,0,0
46,3,1,1,1,0,NA,NA,2,3,4,5,0,0,0,0
47,2,1,1,0,NA,NA,NA,1,2,3,4,0,0,0,0
47,2,1,1,0,NA,NA,NA,1,2,3,4,0,0,0,0
47,2,0,1,0,NA,NA,NA,1,2,3,4,0,0,0,0
47,3,1,1,1,0,NA,NA,1,2,3,4,0,0,0,0
47,2,1,1,0,NA,NA,NA,2,3,4,5,0,0,0,0
47,5,1,1,1,1,1,1,1,2,3,4,0,0,0,0
47,3,1,1,1,0,NA,NA,1,2,3,4,0,0,0,0
47,2,0,1,0,NA,NA,NA,1,2,3,4,0,0,0,0
47,3,1,1,1,0,NA,NA,1,2,3,4,0,0,1,1
47,5,0,1,1,1,1,1,1,2,3,4,0,0,0,0
47,2,0,1,0,NA,NA,NA,1,2,3,4,0,0,0,0
47,2,0,1,0,NA,NA,NA,1,2,3,4,0,0,0,0
47,2,0,1,0,NA,NA,NA,1,2,3,4,0,0,0,0
47,2,0,1,0,NA,NA,NA,1,2,3,4,0,0,0,0
47,2,0,1,0,NA,NA,NA,1,2,3,4,0,0,0,0
47,3,1,1,1,0,NA,NA,2,3,4,5,0,0,1,1
47,3,0,1,1,0,NA,NA,2,3,4,5,0,0,0,0
47,5,1,1,1,1,1,0,2,3,4,5,0,0,0,0
47,5,0,1,1,1,1,1,2,3,4,5,0,0,0,0
47,2,1,1,0,NA,NA,NA,2,3,4,5,0,0,0,0
47,3,0,1,1,0,NA,NA,2,3,4,5,0,0,0,0
47,4,1,1,1,1,0,NA,2,3,4,5,0,0,0,0
47,2,0,1,0,NA,NA,NA,2,3,4,5,0,0,0,0
47,2,1,1,0,NA,NA,NA,2,3,4,5,0,0,0,0
47,4,0,1,1,1,0,NA,2,3,4,5,0,0,0,0
47,5,1,1,1,1,1,1,2,3,4,5,0,0,0,0
47,3,0,1,1,0,NA,NA,2,3,4,5,0,0,0,0
47,2,1,1,0,NA,NA,NA,2,3,4,5,0,0,0,0
47,4,0,1,1,1,0,NA,2,3,4,5,0,0,0,0
47,5,1,1,1,1,1,0,2,3,4,5,0,0,0,0
48,5,1,1,1,1,1,1,1,2,3,4,0,0,0,0
48,5,1,1,1,1,1,1,1,2,3,4,0,0,0,0
48,5,0,1,1,1,1,1,1,2,3,4,0,0,0,0
48,5,1,1,1,1,1,1,1,2,3,4,0,0,0,0
48,2,0,1,0,NA,NA,NA,1,2,3,4,0,0,0,0
48,5,0,1,1,1,1,1,1,2,3,4,0,0,0,0
48,5,1,1,1,1,1,1,1,2,3,4,0,0,0,0
48,3,0,1,1,0,NA,NA,1,2,3,4,0,0,0,0
48,3,0,1,1,0,NA,NA,1,2,3,4,0,0,0,0
48,5,0,1,1,1,1,1,1,2,3,4,0,0,0,0
48,2,0,1,0,NA,NA,NA,1,2,3,4,0,0,0,0
48,5,0,1,1,1,1,1,1,2,3,4,0,0,0,0
48,3,0,1,1,0,NA,NA,1,2,3,4,0,0,0,0
48,5,0,1,1,1,1,1,1,2,3,4,0,0,0,0
48,5,0,1,1,1,1,1,1,2,3,4,0,0,0,0
48,5,0,1,1,1,1,1,1,2,3,4,0,0,0,0
48,2,0,1,0,NA,NA,NA,1,2,3,4,0,0,0,0
48,5,0,1,1,1,1,1,1,2,3,4,0,0,0,0
48,2,0,1,0,NA,NA,NA,1,2,3,4,0,0,0,0
48,5,1,1,1,1,1,1,2,3,4,5,0,0,0,0
48,5,0,1,1,1,1,0,2,3,4,5,0,0,0,0
48,2,1,1,0,NA,NA,NA,2,3,4,5,0,0,0,0
48,2,0,1,0,NA,NA,NA,2,3,4,5,0,0,0,0
48,5,1,1,1,1,1,0,2,3,4,5,0,0,0,0
48,2,0,1,0,NA,NA,NA,2,3,4,5,0,0,0,0
48,3,1,1,1,0,NA,NA,1,2,3,4,0,0,0,0
48,2,0,1,0,NA,NA,NA,2,3,4,5,0,0,0,0
48,3,1,1,1,0,NA,NA,2,3,4,5,0,0,0,0
48,2,1,1,0,NA,NA,NA,2,3,4,5,0,0,0,0
48,2,0,1,0,NA,NA,NA,2,3,4,5,0,0,0,0
48,2,0,1,0,NA,NA,NA,2,3,4,5,0,0,0,0
48,3,1,1,1,0,NA,NA,2,3,4,5,0,0,0,0
53,3,0,1,1,0,NA,NA,1,2,3,4,0,0,0,0
53,5,0,1,1,1,1,1,1,2,3,4,0,0,0,0
53,4,0,1,1,1,0,NA,1,2,3,4,0,0,0,0
53,4,0,1,1,1,0,NA,1,2,3,4,0,0,0,0
53,4,0,1,1,1,0,NA,1,2,3,4,0,0,0,0
53,3,0,1,1,0,NA,NA,1,2,3,4,0,0,0,0
53,5,0,1,1,1,1,1,1,2,3,4,0,0,0,0
53,3,0,1,1,0,NA,NA,1,2,3,4,0,0,0,0
53,5,0,1,1,1,1,0,1,2,3,4,0,0,0,0
53,5,1,1,1,1,1,1,2,3,4,5,0,0,0,0
53,5,1,1,1,1,1,1,2,3,4,5,0,0,0,0
53,5,1,1,1,1,1,1,2,3,4,5,0,0,0,0
53,5,1,1,1,1,1,1,2,3,4,5,0,0,0,0
53,5,1,1,1,1,1,1,2,3,4,5,0,0,0,0
53,4,1,1,1,1,0,NA,2,3,4,5,0,0,0,0
53,5,1,1,1,1,1,1,2,3,4,5,0,0,0,0
53,3,1,1,1,0,NA,NA,2,3,4,5,0,0,0,0
54,5,0,1,1,1,1,1,1,2,3,4,0,0,0,0
54,5,0,1,1,1,1,1,1,2,3,4,0,0,0,0
54,5,0,1,1,1,1,1,1,2,3,4,0,0,0,0
54,5,1,1,1,1,1,1,1,2,3,4,0,0,0,0
54,5,0,1,1,1,1,1,1,2,3,4,0,0,0,0
54,4,0,1,1,1,0,NA,1,2,3,4,0,0,0,0
54,5,0,1,1,1,1,1,1,2,3,4,0,0,0,0
54,4,0,1,1,1,0,NA,1,2,3,4,0,0,0,0
54,5,0,1,1,1,1,1,1,2,3,4,0,0,0,0
54,5,0,1,1,1,1,1,1,2,3,4,0,0,0,0
54,2,0,1,0,NA,NA,NA,1,2,3,4,0,0,0,0
54,3,0,1,1,0,NA,NA,1,2,3,4,0,0,0,0
54,3,0,1,1,0,NA,NA,1,2,3,4,0,0,0,0
54,2,0,1,0,NA,NA,NA,1,2,3,4,0,0,0,0
54,5,1,1,1,1,1,1,2,3,4,5,0,0,0,0
54,5,1,1,1,1,1,0,2,3,4,5,0,0,0,0
54,5,1,1,1,1,1,1,2,3,4,5,0,0,0,0
54,5,1,1,1,1,1,1,2,3,4,5,0,0,0,0
54,3,1,1,1,0,NA,NA,2,3,4,5,0,0,0,0
54,5,1,1,1,1,1,1,2,3,4,5,0,0,0,0
54,3,1,1,1,0,NA,NA,2,3,4,5,0,0,0,0
54,3,1,1,1,0,NA,NA,2,3,4,5,0,0,1,1
